country_iso3,country_name,year,set,y_actual,y_pred,y_pred_ci_lower,y_pred_ci_upper,sample_weight_W
GNQ,Equatorial Guinea,2015,train,365.779755633201,356.6715681028749,,,0.8796090128599252
MWI,Malawi,2019,train,154.30596206338268,157.98881117477262,,,0.9654433733468526
UGA,Uganda,2009,train,521.3513792255752,507.13594258763715,,,0.9110933247287516
COG,Congo,2018,train,153.10080343109146,178.63227959233953,,,0.8569985902769398
NGA,Nigeria,2007,train,531.7465843961127,546.3010082323983,,,0.798784512807737
GHA,Ghana,2016,train,211.64033564629244,193.330025405599,,,0.9232822538841916
BWA,Botswana,2008,train,1.575596186238343,0.5334294634295285,,,0.8429184980256788
BFA,Burkina Faso,2010,train,637.9202991757056,572.5548484447435,,,1.0
AGO,Angola,2012,train,128.59591998323734,143.29638565009728,,,0.7436197318344521
MAR,Morocco,2007,train,0.0,-0.2059784684059911,,,1.0
CIV,Cote d'Ivoire,2007,train,577.5569605398925,516.8756119750282,,,0.8394166746382353
TCD,Chad,2015,train,126.65627021206016,128.1246106849125,,,0.947641456058546
MDG,Madagascar,2019,train,91.0412700247632,75.47581879781681,,,1.0
MRT,Mauritania,2001,train,87.3727142979455,74.01147337792004,,,0.6965143543867369
GAB,Gabon,2005,train,125.63302927461606,130.8722090793536,,,0.649246599815815
BWA,Botswana,2014,train,1.044888161889003,0.377419644061995,,,0.8876735952995639
BFA,Burkina Faso,2000,train,963.3898836733832,875.4465453429781,,,0.6947932880527071
RWA,Rwanda,2013,train,128.8004441570942,114.25693688819065,,,1.0
BWA,Botswana,2019,train,0.138930471332407,0.9934898754073302,,,0.7702365072501187
GHA,Ghana,2019,train,158.6728439412496,135.21735746849438,,,1.0
GNB,Guinea-Bissau,2000,train,492.6849708534403,438.74356364420976,,,0.6947932880527071
STP,Sao Tome and Principe,2011,train,46.01061258149797,56.850585470831206,,,0.9654433733468526
MOZ,Mozambique,2002,train,530.4679187251226,515.2135298347774,,,0.8730895268394425
GMB,Gambia,2012,train,186.14995664782143,215.5654860271983,,,0.9614325322133896
GNB,Guinea-Bissau,2019,train,58.08285715542173,57.19351639986455,,,0.7436197318344521
GNQ,Equatorial Guinea,2014,train,378.93889693692273,385.69708534234246,,,0.7046848854294657
MAR,Morocco,2002,train,0.0,0.6405586162145411,,,0.8730895268394425
DZA,Algeria,2005,train,3.926018090983839e-05,-0.45018304189160396,,,0.8730895268394425
DJI,Djibouti,2016,train,12.88593595238332,9.092765231920229,,,0.7046848854294657
KEN,Kenya,2011,train,15.854582464404391,21.258727572829493,,,0.7436197318344521
BFA,Burkina Faso,2020,train,309.5354722426279,283.34206427719135,,,0.9719674706704208
BFA,Burkina Faso,2013,train,455.59354271038865,468.60088473570084,,,1.0
MWI,Malawi,2020,train,183.59672740668253,161.89488055515616,,,0.8974003170227031
NGA,Nigeria,2000,train,597.6547047850786,535.6435393822562,,,0.6724451678836365
DJI,Djibouti,2020,train,19.38638020008873,25.540251283766107,,,0.6849307857105532
GIN,Guinea,2014,train,436.5429162901249,488.27444501558057,,,0.947641456058546
GIN,Guinea,2011,train,510.2660994683178,570.4211752764991,,,0.8749405394238315
TUN,Tunisia,2000,train,0.0,0.7855030562033896,,,0.8730895268394425
COD,Democratic Republic of Congo,2008,train,775.42379503696,704.8616394827361,,,0.8730895268394425
MDG,Madagascar,2002,train,129.42083216172082,130.40115782512535,,,0.8394166746382353
CIV,Cote d'Ivoire,2014,train,313.1782994442819,307.9932574825571,,,1.0
LSO,Lesotho,2002,train,0.0,0.07107316700720645,,,0.7349977672818333
COG,Congo,2007,train,243.58985083777023,224.977565755488,,,0.8104092660063353
LBR,Liberia,2008,train,578.9754363456854,555.8206378098724,,,0.9282086671455012
CMR,Cameroon,2019,train,236.55310368412816,242.61943295949965,,,0.9614325322133896
TUN,Tunisia,2009,train,0.0,-0.13722315916648564,,,0.8730895268394425
GHA,Ghana,2002,train,503.35271327708864,468.6686082990535,,,0.9654433733468526
SEN,Senegal,2003,train,236.6850109853526,205.2888099317497,,,0.6822312979235898
BDI,Burundi,2013,train,377.0331871016844,347.7865087661535,,,1.0
GNB,Guinea-Bissau,2002,train,315.15387628883036,307.6053160296782,,,0.5351551554505428
GIN,Guinea,2016,train,386.8970633826123,426.1573217370169,,,0.8796090128599252
COG,Congo,2019,train,144.93852319758298,169.45255348919312,,,0.7436197318344521
MDG,Madagascar,2004,train,141.91451077138012,156.94559524732054,,,0.8394166746382353
COD,Democratic Republic of Congo,2012,train,589.252540508402,552.7207150583529,,,1.0
KEN,Kenya,2008,train,53.61088732492871,31.788453908506405,,,0.8913767337412392
DZA,Algeria,2009,train,7.070758201795982e-06,-0.5300387941223705,,,1.0
GIN,Guinea,2003,train,588.3119696236984,592.0130129050647,,,0.6724451678836365
TCD,Chad,2007,train,204.24259679316697,176.04177631559304,,,0.6208566902171375
UGA,Uganda,2003,train,868.7158522611682,822.6711996033063,,,0.9110933247287516
ERI,Eritrea,2013,train,2.041715581908919,3.6955145398420237,,,0.9195136652500764
BWA,Botswana,2018,train,0.44609288820488,0.7952521014480491,,,0.7436197318344521
GNB,Guinea-Bissau,2012,train,107.61161638393826,106.00424371145805,,,0.7436197318344521
SSD,South Sudan,2008,train,249.9114702816747,253.9340845084716,,,0.4291937614715487
MOZ,Mozambique,2012,train,172.52738584861234,188.7464749307175,,,1.0
COG,Congo,2008,train,214.59349769367336,185.25412501582863,,,0.8104092660063353
GAB,Gabon,2012,train,157.24787019016242,145.06033221003761,,,0.7436197318344521
COM,Comoros,2001,train,12.5201346731247,16.41725734831696,,,0.546558842605038
STP,Sao Tome and Principe,2018,train,7.82019120596485,9.782107559488995,,,0.7436197318344521
LBY,Libya,2007,train,0.0,0.784093580986229,,,0.7046848854294657
SOM,Somalia,2001,train,168.48314914464882,144.0363716566318,,,0.50713521072839
COM,Comoros,2017,train,0.9845309118511671,2.2209797652267884,,,1.0
TGO,Togo,2009,train,253.65361884479145,271.4162849483081,,,0.9282086671455012
SDN,Sudan,2013,train,22.808766018072124,25.96380699761188,,,0.947641456058546
ZMB,Zambia,2003,train,253.3545449849038,273.053307594678,,,0.546558842605038
SSD,South Sudan,2002,train,344.6789853015915,343.09852727553215,,,0.4229005230976463
CAF,Central African Republic,2009,train,438.5935283495877,389.1119517105321,,,0.9791354813689552
ZMB,Zambia,2006,train,137.73072623496003,160.85668367505366,,,0.9282086671455012
KEN,Kenya,2001,train,148.9501800679737,174.08138300516822,,,0.6786103951758196
GIN,Guinea,2018,train,391.7898850899334,409.22658655192555,,,0.7046848854294657
LBY,Libya,2000,train,0.0,0.042077626051899575,,,0.6372750698548517
GAB,Gabon,2016,train,125.81140913677037,130.6102292767208,,,0.7436197318344521
TZA,Tanzania,2007,train,150.531826410428,175.83801078824862,,,0.8394166746382353
UGA,Uganda,2019,train,255.93762501679217,267.4646886221094,,,0.7046848854294657
DZA,Algeria,2007,train,2.987228878590569e-05,-0.3645925837302215,,,0.8730895268394425
GAB,Gabon,2004,train,138.89539111967946,157.31675553454488,,,0.546558842605038
CPV,Cape Verde,2008,train,0.322497735352356,1.2657813270257186,,,0.8273758304835964
ZMB,Zambia,2016,train,102.8168236951912,106.97347468711581,,,0.8569985902769398
ERI,Eritrea,2000,train,4.240019736645355,6.638355510821038,,,0.6956252994097223
MWI,Malawi,2000,train,703.4952263981901,633.4967654548984,,,0.7349977672818333
COM,Comoros,2013,train,105.42843987629033,47.28515512951684,,,1.0
EGY,Egypt,2014,train,0.0,-0.06917901893388012,,,0.8749405394238315
LBR,Liberia,2014,train,348.50333608182837,382.8301515234138,,,0.9654433733468526
KEN,Kenya,2005,train,89.89170587703431,74.46877131185687,,,1.0
ZAF,South Africa,2004,train,0.157899880488295,1.0214114561061591,,,0.9654433733468526
LBY,Libya,2013,train,0.0,0.23789627093394028,,,0.7046848854294657
SOM,Somalia,2013,train,31.90770397274443,31.12032587253269,,,0.6899819745084069
TZA,Tanzania,2013,train,97.43440889763156,102.65381752786897,,,1.0
STP,Sao Tome and Principe,2014,train,7.809983405538606,11.243024604052474,,,1.0
STP,Sao Tome and Principe,2002,train,312.43688012372155,348.72616832628626,,,0.6679968702973812
SOM,Somalia,2018,train,30.67987777081973,36.874522279412986,,,0.6899819745084069
ZMB,Zambia,2005,train,172.0702561508176,185.6003439944103,,,0.9282086671455012
NGA,Nigeria,2010,train,479.8448356837159,444.66292718703295,,,0.8273758304835964
KEN,Kenya,2020,train,40.99284730153414,32.3144468947749,,,0.8329747521595936
MDG,Madagascar,2009,train,100.8019662991276,83.99965282738657,,,1.0
UGA,Uganda,2011,train,451.1115634170789,464.1717484989025,,,0.9110933247287516
MRT,Mauritania,2010,train,38.8642989549595,48.74448861799481,,,0.8749405394238315
STP,Sao Tome and Principe,2006,train,46.296930132884526,36.79971747317932,,,0.649246599815815
TGO,Togo,2004,train,342.86927716573035,337.43767835666785,,,0.7095987238469781
CPV,Cape Verde,2016,train,0.6331175924513001,1.4919817110596911,,,0.947641456058546
COM,Comoros,2018,train,3.6678038833135145,2.01922082318285,,,0.8913767337412392
MAR,Morocco,2003,train,0.0,-0.0293693783365212,,,0.8730895268394425
SEN,Senegal,2011,train,84.53065782881767,85.28103741975735,,,1.0
COM,Comoros,2002,train,12.797990033043185,17.499587618465196,,,0.7095987238469781
SOM,Somalia,2011,train,25.20662433147436,32.56907906288265,,,0.50713521072839
BWA,Botswana,2016,train,0.5822470880366233,0.16559584583586062,,,0.7702365072501187
CPV,Cape Verde,2001,train,1.1840267884143074,2.2825057385151215,,,0.6965143543867369
DJI,Djibouti,2008,train,0.7961401701318632,2.220568906028219,,,0.6951836228855445
GHA,Ghana,2005,train,431.4386261300079,382.2945614282273,,,1.0
GMB,Gambia,2007,train,109.1158562524673,92.72404289668657,,,0.9282086671455012
LBY,Libya,2006,train,0.0,0.7309261846290365,,,0.7375035653529133
GHA,Ghana,2013,train,269.4657056153885,276.19590113006814,,,1.0
BEN,Benin,2001,train,395.25449381547514,428.9392364373469,,,0.7349977672818333
MRT,Mauritania,2005,train,48.838316688583205,50.09626569732112,,,0.8273758304835964
CMR,Cameroon,2007,train,546.5597441430416,542.574241013618,,,0.8730895268394425
TZA,Tanzania,2006,train,198.5909884150777,220.26823920539408,,,0.8104092660063353
NER,Niger,2008,train,606.3531441330052,581.7528546505412,,,0.6965143543867369
LBR,Liberia,2020,train,421.9849773134203,373.67318913123523,,,0.8663891893089335
DJI,Djibouti,2017,train,9.674394974929166,8.757744609141112,,,0.7046848854294657
ETH,Ethiopia,2009,train,150.00420510421145,136.8527588757623,,,0.947641456058546
LSO,Lesotho,2011,train,0.0,0.7825789649455914,,,0.9654433733468526
MAR,Morocco,2019,train,0.0,0.4685957499625659,,,1.0
MWI,Malawi,2004,train,387.5967415460103,375.29579950788417,,,1.0
ZAF,South Africa,2015,train,0.0436402128568025,-0.2415309306873874,,,1.0
ZMB,Zambia,2015,train,106.46090660958288,112.99135499779266,,,0.8569985902769398
TUN,Tunisia,2020,train,0.0,0.6044592328296263,,,0.934481146555706
DZA,Algeria,2000,train,0.0001319259385393,0.7870423234066644,,,0.7095987238469781
GAB,Gabon,2002,train,185.3396297922597,212.63920158504698,,,0.6822312979235898
ERI,Eritrea,2003,train,4.255639945924943,6.254353777641702,,,0.797764916668474
SWZ,Eswatini,2004,train,2.551155744970228,4.089813695771272,,,0.8730895268394425
EGY,Egypt,2001,train,0.0,0.5842183698803847,,,0.8273758304835964
ZAF,South Africa,2001,train,0.3052878812932859,1.0682811693766534,,,0.8913767337412392
STP,Sao Tome and Principe,2005,train,149.88896517942504,127.42042241037194,,,0.8429184980256788
NER,Niger,2003,train,528.8742001841488,472.3062932633119,,,0.6965143543867369
GHA,Ghana,2015,train,233.39975446352193,227.95884596221794,,,1.0
MDG,Madagascar,2011,train,73.54471600330317,65.67048837811214,,,1.0
ZMB,Zambia,2004,train,211.52998090572507,238.23734758437527,,,0.7813990168834647
CMR,Cameroon,2014,train,294.1627640066111,307.5954301185827,,,1.0
CAF,Central African Republic,2004,train,470.2715182923178,504.6984526916237,,,0.6822312979235898
GMB,Gambia,2009,train,118.69837594131862,105.78065293134281,,,0.8913767337412392
BDI,Burundi,2020,train,565.4323318657474,505.5496034535044,,,0.9383795536674592
KEN,Kenya,2004,train,114.18402396952868,115.75670270845293,,,1.0
LSO,Lesotho,2003,train,0.0,0.7819270381419892,,,0.8730895268394425
MWI,Malawi,2014,train,177.8239891500106,167.01171794651077,,,1.0
UGA,Uganda,2008,train,598.5097433978567,589.1936914642467,,,0.9110933247287516
BFA,Burkina Faso,2006,train,830.5747295584127,826.5910179482776,,,1.0
ZMB,Zambia,2009,train,95.85425853712628,108.49762738359847,,,0.9282086671455012
CAF,Central African Republic,2013,train,311.8205732526526,322.66942709783666,,,0.7436197318344521
ERI,Eritrea,2006,train,1.772122973976757,3.3321872020697567,,,0.8147645875860794
SLE,Sierra Leone,2005,train,745.3081683878146,759.4582349976137,,,0.546558842605038
COD,Democratic Republic of Congo,2001,train,964.9696729806352,876.9499068170436,,,0.546558842605038
RWA,Rwanda,2015,train,128.94914591918038,115.27755145968018,,,1.0
COG,Congo,2020,train,159.43464902781173,174.34554372653128,,,0.722774189891749
BWA,Botswana,2006,train,1.2275563146128567,0.9526110500646543,,,0.8730895268394425
COD,Democratic Republic of Congo,2018,train,488.1421606679293,468.08565992493,,,0.8569985902769398
CMR,Cameroon,2005,train,629.3229926611721,564.5720451935514,,,0.8061080661830029
DJI,Djibouti,2006,train,9.09436259537278,6.388991533106635,,,0.5109584106717712
LSO,Lesotho,2008,train,0.0,0.2690031327869502,,,0.8429184980256788
EGY,Egypt,2011,train,0.0,-0.11874486423828867,,,0.7639014215781997
CMR,Cameroon,2018,train,249.61955013002975,261.2900807978536,,,0.9614325322133896
LSO,Lesotho,2005,train,0.0,0.7785844207968113,,,0.8730895268394425
MRT,Mauritania,2016,train,70.46941098907374,58.161754865008625,,,0.8749405394238315
SSD,South Sudan,2020,train,319.8138529055683,292.483963149168,,,0.6523460977602644
GIN,Guinea,2012,train,480.77448558286994,538.380546785468,,,0.9110933247287516
CMR,Cameroon,2009,train,446.1298569636715,469.33228396413375,,,1.0
GNQ,Equatorial Guinea,2002,train,630.8765938516191,571.0554859283721,,,0.6208566902171375
NGA,Nigeria,2005,train,530.0731147615597,535.9019029370003,,,0.8273758304835964
CPV,Cape Verde,2017,train,2.9631212968725844,1.5066828917573156,,,0.947641456058546
AGO,Angola,2007,train,359.5937906351155,354.31266499595705,,,0.7436197318344521
MLI,Mali,2005,train,738.6126509570969,665.8743288102031,,,0.914894164060486
TCD,Chad,2004,train,179.3067832095954,188.95572734796335,,,0.6965143543867369
ZWE,Zimbabwe,2018,train,26.4971301306116,20.19107676894564,,,0.9282086671455012
NAM,Namibia,2010,train,0.857356598534019,1.158244188623259,,,0.9654433733468526
GAB,Gabon,2013,train,153.4296647797284,144.68611301723786,,,0.7436197318344521
RWA,Rwanda,2019,train,120.45464712688012,134.1902665805832,,,1.0
CAF,Central African Republic,2001,train,429.55217616643074,482.83106737753565,,,0.655159909106784
NGA,Nigeria,2008,train,534.3462719963406,509.43934446747403,,,0.798784512807737
CAF,Central African Republic,2005,train,471.77870518505944,506.1477733209447,,,0.6822312979235898
NAM,Namibia,2017,train,16.919350949801515,12.352710850305746,,,1.0
NER,Niger,2011,train,618.6109979388609,554.7487210082717,,,0.947641456058546
GIN,Guinea,2008,train,541.5401689489644,536.6722378714592,,,0.8273758304835964
BWA,Botswana,2010,train,1.4152447556203087,0.4356751675020194,,,0.649246599815815
ZAF,South Africa,2019,train,0.059794590627064,0.8782333021803588,,,1.0
COG,Congo,2003,train,330.8167756653762,349.29962169337415,,,0.7349977672818333
COM,Comoros,2004,train,10.693369327158234,14.878947030470023,,,0.8429184980256788
NER,Niger,2015,train,564.7567464586537,561.0943698697242,,,0.8749405394238315
CMR,Cameroon,2006,train,587.584376738254,573.5203589598698,,,0.8730895268394425
LBY,Libya,2014,train,0.0,0.1829380821805926,,,0.7046848854294657
SEN,Senegal,2007,train,193.9320082631461,166.71720717796356,,,0.9614325322133896
CAF,Central African Republic,2017,train,269.2894412470739,307.4467072586758,,,0.7734497293559504
AGO,Angola,2020,train,176.12107906739396,198.64447055668427,,,0.722774189891749
BDI,Burundi,2003,train,959.8525113618118,871.664892949339,,,0.7095987238469781
SDN,Sudan,2011,train,24.317192319808314,28.175943390579135,,,0.8749405394238315
KEN,Kenya,2013,train,27.590267911434182,28.16418838259161,,,0.7436197318344521
RWA,Rwanda,2016,train,136.50484636576883,117.40558121446966,,,1.0
GIN,Guinea,2000,train,557.6819485241814,621.0911964669558,,,0.6465106605330224
GHA,Ghana,2006,train,400.1762482742224,374.46203937954,,,1.0
AGO,Angola,2003,train,452.9577201478956,436.95187441925634,,,0.546558842605038
LSO,Lesotho,2015,train,0.0,-0.3200970435982855,,,1.0
ZWE,Zimbabwe,2003,train,29.383728884514532,26.20263267558072,,,0.8429184980256788
MLI,Mali,2006,train,686.1850643342352,670.4390129468679,,,0.914894164060486
RWA,Rwanda,2010,train,185.17456242302973,158.9220837880799,,,1.0
ERI,Eritrea,2009,train,1.5370551966208366,3.000610819363188,,,0.9665994867765476
MRT,Mauritania,2012,train,27.914187954993192,35.105555794799486,,,0.947641456058546
SWZ,Eswatini,2005,train,1.574640936374651,2.8630581222790354,,,0.8730895268394425
GMB,Gambia,2013,train,156.98518597989505,170.83975807347943,,,0.9282086671455012
CIV,Cote d'Ivoire,2012,train,457.64074937229367,431.5138011708742,,,0.9282086671455012
MAR,Morocco,2008,train,0.0,0.04703460749743105,,,1.0
NGA,Nigeria,2019,train,354.5326876618619,316.01390665160847,,,0.7046848854294657
GMB,Gambia,2003,train,185.3214557406417,158.9634703459138,,,0.9282086671455012
SWZ,Eswatini,2017,train,1.6000404614800916,1.2434320017202873,,,0.9282086671455012
CAF,Central African Republic,2008,train,456.83720735417546,487.74661879847275,,,0.7066507645689606
DZA,Algeria,2018,train,0.0,0.6053769077879343,,,0.9614325322133896
LBR,Liberia,2015,train,352.3952115891529,396.9398328021568,,,0.8913767337412392
MLI,Mali,2014,train,550.0963607767167,613.683066542979,,,0.947641456058546
BEN,Benin,2019,train,305.6863422302388,347.33952175184965,,,0.9614325322133896
CIV,Cote d'Ivoire,2020,train,311.29355293070233,309.73516224133755,,,0.9719674706704208
TUN,Tunisia,2018,train,0.0,0.18556950940487948,,,0.8876735952995639
COD,Democratic Republic of Congo,2005,train,859.738225169146,778.5131822080575,,,0.546558842605038
UGA,Uganda,2012,train,378.6892102887609,424.931652701521,,,0.9110933247287516
ERI,Eritrea,2011,train,6.277903335411522,3.965495836183334,,,0.9331970691888865
MOZ,Mozambique,2008,train,231.83685916616471,253.72572007497683,,,0.8730895268394425
MLI,Mali,2019,train,339.53130328830144,372.2282947113364,,,0.7046848854294657
MWI,Malawi,2006,train,314.6160935200951,275.9105603027341,,,1.0
LSO,Lesotho,2001,train,0.0,0.6715593319802229,,,0.7349977672818333
MOZ,Mozambique,2001,train,570.7892474204712,510.6308912955324,,,0.8730895268394425
MOZ,Mozambique,2020,train,179.6106243907225,153.8670008883074,,,0.9021886304597756
GMB,Gambia,2015,train,110.21155584148224,126.00349634208364,,,0.9282086671455012
SWZ,Eswatini,2015,train,0.7934692050200199,0.49324336429846594,,,0.9654433733468526
SDN,Sudan,2008,train,38.18941869036229,34.52058285030027,,,0.8749405394238315
NGA,Nigeria,2006,train,540.2314534475842,531.1914414891559,,,0.798784512807737
ERI,Eritrea,2018,train,3.2553542235553956,5.342726317030499,,,0.9195136652500764
ETH,Ethiopia,2013,train,140.25061872465938,118.76383157513042,,,0.7046848854294657
BWA,Botswana,2011,train,0.3897106780931712,0.29365943641497316,,,0.7436197318344521
TUN,Tunisia,2014,train,0.0,-0.2674728061479188,,,0.9614325322133896
GIN,Guinea,2017,train,384.4618394898349,433.4499285087165,,,0.7046848854294657
SSD,South Sudan,2019,train,321.95109945775823,282.3856119958676,,,0.6711604219741063
BDI,Burundi,2009,train,433.6958510773465,409.638695500726,,,0.9654433733468526
ETH,Ethiopia,2018,train,53.51298162465396,49.0596781041156,,,0.7046848854294657
BFA,Burkina Faso,2005,train,876.6533101825536,860.2565223588338,,,0.7349977672818333
UGA,Uganda,2017,train,288.5381117615935,252.20146560975405,,,0.8796090128599252
TGO,Togo,2019,train,168.29904699191383,188.71382398057867,,,0.9614325322133896
MAR,Morocco,2018,train,0.0,0.7808686230872413,,,1.0
MOZ,Mozambique,2004,train,392.3534781228975,422.4624904572746,,,0.8730895268394425
DZA,Algeria,2011,train,5.671696375748874e-06,-0.34856741847573014,,,1.0
SWZ,Eswatini,2018,train,2.044167085647753,1.4190739796214782,,,0.9282086671455012
MDG,Madagascar,2012,train,74.78716464722656,69.0748755902637,,,1.0
SSD,South Sudan,2000,train,373.3047052841071,390.76904837866033,,,0.4229005230976463
BEN,Benin,2000,train,362.3654029074703,409.4170485046952,,,0.7349977672818333
CPV,Cape Verde,2020,train,0.0,0.7846736579380906,,,0.8892473665729996
ETH,Ethiopia,2017,train,60.89226754588918,52.57338304299671,,,0.8121273919301606
LBR,Liberia,2009,train,505.876393829251,528.7713713666466,,,0.9282086671455012
SOM,Somalia,2000,train,168.3061149789884,148.34089168030266,,,0.50713521072839
GAB,Gabon,2006,train,119.4577157983247,109.28330006933763,,,0.649246599815815
KEN,Kenya,2019,train,33.058417643764706,30.09050509261048,,,0.8569985902769398
TUN,Tunisia,2015,train,0.0,-8.416629834617773e-05,,,0.9614325322133896
ZWE,Zimbabwe,2001,train,41.704322331501494,38.240425694360226,,,0.8429184980256788
RWA,Rwanda,2000,train,560.2497568097828,501.158930714981,,,0.546558842605038
ZMB,Zambia,2013,train,110.94481457198668,114.35332653206339,,,0.9282086671455012
CIV,Cote d'Ivoire,2005,train,600.4280009208717,573.714374098998,,,0.649246599815815
EGY,Egypt,2020,train,0.0,0.7800286727897727,,,0.9210766691476598
DZA,Algeria,2015,train,0.0,-0.08816666332950307,,,0.9614325322133896
NAM,Namibia,2001,train,37.10333952974344,29.024114266892433,,,0.7349977672818333
EGY,Egypt,2009,train,0.0,-0.01570897029604068,,,0.8273758304835964
SOM,Somalia,2002,train,155.84066822174728,132.6971556295129,,,0.50713521072839
COM,Comoros,2012,train,124.41132202091168,80.73445439912544,,,0.7702365072501187
CAF,Central African Republic,2011,train,360.8799014665682,407.76355359609613,,,0.9654433733468526
BFA,Burkina Faso,2015,train,371.9863230117932,418.6972368821464,,,1.0
GNB,Guinea-Bissau,2017,train,55.32641236016329,53.5862136722756,,,0.7436197318344521
AGO,Angola,2001,train,446.2070739656549,449.8711725100651,,,0.5684838241813618
GNQ,Equatorial Guinea,2020,train,339.77001662894156,298.6062100600818,,,0.6849307857105532
NGA,Nigeria,2003,train,571.8697975518999,570.150205427339,,,0.6182774011362293
TGO,Togo,2014,train,243.30360452592643,278.6736864018175,,,0.9614325322133896
STP,Sao Tome and Principe,2003,train,315.7044764549491,314.79086065965265,,,0.8253314093191696
GNQ,Equatorial Guinea,2004,train,571.4704319974844,516.5239820506722,,,0.5179418174279119
GAB,Gabon,2011,train,150.97440215053382,128.33177790157288,,,0.8569985902769398
MWI,Malawi,2013,train,182.32781654413637,181.89032241782442,,,0.9654433733468526
TZA,Tanzania,2003,train,376.2009426797491,331.9374791276327,,,0.7750185193079631
TCD,Chad,2014,train,126.3106807189857,126.94213732431338,,,0.8749405394238315
TZA,Tanzania,2010,train,135.89860008423375,114.95222791207213,,,1.0
BFA,Burkina Faso,2009,train,689.1560699650661,629.5386366438522,,,1.0
MLI,Mali,2001,train,774.7837818341513,761.7640927717524,,,0.6696515594610146
BWA,Botswana,2005,train,0.4553746378005836,1.0428666370047899,,,0.8730895268394425
SEN,Senegal,2018,train,62.50521334729949,50.68995656689605,,,0.7702365072501187
COD,Democratic Republic of Congo,2011,train,622.8673938139516,596.8675984202707,,,1.0
SSD,South Sudan,2010,train,227.79331841153396,228.47424510474266,,,0.4383395042241565
GAB,Gabon,2014,train,147.62353975102886,169.26288830892202,,,0.7436197318344521
CPV,Cape Verde,2006,train,0.8320287119396299,0.7066973886171255,,,0.8273758304835964
BWA,Botswana,2012,train,0.164243056007718,-0.12448716300401497,,,0.9282086671455012
SLE,Sierra Leone,2006,train,729.1041103493195,729.4457307254643,,,0.546558842605038
LBR,Liberia,2013,train,341.95155446186754,380.6192613713711,,,0.8569985902769398
GMB,Gambia,2005,train,110.30399645873624,108.67036695696704,,,0.9282086671455012
CAF,Central African Republic,2020,train,290.9684372294189,254.8035550494921,,,0.722774189891749
CIV,Cote d'Ivoire,2019,train,304.06296560449846,317.84445340874936,,,1.0
COG,Congo,2005,train,308.59855770841796,282.0904170293096,,,0.6822312979235898
GIN,Guinea,2004,train,624.4020936764759,559.9919115486797,,,0.6965143543867369
ZMB,Zambia,2007,train,123.37682560061576,137.92217608075336,,,0.9282086671455012
LSO,Lesotho,2013,train,0.0,0.04373199151566132,,,1.0
BDI,Burundi,2012,train,367.29875412662113,367.57165909392336,,,1.0
SDN,Sudan,2005,train,61.45766797563619,50.181051961298984,,,0.7479629861353997
GNB,Guinea-Bissau,2008,train,110.0604139190556,107.36256730084891,,,0.546558842605038
MWI,Malawi,2003,train,469.2239118852154,478.39428350273477,,,0.7436197318344521
SSD,South Sudan,2004,train,319.48276729018534,291.0992715297041,,,0.4229005230976463
MAR,Morocco,2000,train,0.0,0.782599215477356,,,0.8730895268394425
CMR,Cameroon,2000,train,551.3657458865074,609.7108038801985,,,0.6822312979235898
BDI,Burundi,2011,train,390.1177546136067,370.097436753849,,,0.9654433733468526
GHA,Ghana,2011,train,312.5851790716891,354.960033373674,,,1.0
RWA,Rwanda,2009,train,166.21078613861104,163.15406855179532,,,1.0
BEN,Benin,2015,train,357.90033461000445,332.10909814089433,,,1.0
LBY,Libya,2015,train,0.0,0.38907109668488316,,,0.7046848854294657
NGA,Nigeria,2011,train,444.8639935267975,418.9415793912069,,,0.7639014215781997
BDI,Burundi,2000,train,1037.4942990109146,944.2897499389309,,,0.7066507645689606
MWI,Malawi,2005,train,344.1269484896119,310.1172363161499,,,1.0
ERI,Eritrea,2012,train,3.211951433238047,4.4999247590989295,,,0.9195136652500764
CIV,Cote d'Ivoire,2016,train,289.0960658645519,269.8281193327526,,,1.0
BEN,Benin,2004,train,493.0388812008048,475.35969939160947,,,0.8429184980256788
GNQ,Equatorial Guinea,2013,train,392.7408986166018,383.1320271629168,,,0.5179418174279119
TCD,Chad,2006,train,203.80072223371997,192.36407271797128,,,0.6724451678836365
BFA,Burkina Faso,2018,train,306.98272334695065,324.1039382878226,,,1.0
TZA,Tanzania,2004,train,305.78903044192435,309.93713040656047,,,0.8394166746382353
SSD,South Sudan,2001,train,366.4908375578656,395.58111311106614,,,0.4229005230976463
ZWE,Zimbabwe,2010,train,38.07527560180575,47.51483346820503,,,0.7702365072501187
ZWE,Zimbabwe,2020,train,31.19592843224669,27.45926772401724,,,0.9021886304597756
CIV,Cote d'Ivoire,2011,train,516.0730798115079,460.37103089815895,,,0.9614325322133896
SLE,Sierra Leone,2015,train,560.1314983164742,578.4221139160617,,,0.9654433733468526
GMB,Gambia,2002,train,225.0304049636387,194.6657368726953,,,0.9282086671455012
NGA,Nigeria,2012,train,418.10030204464823,373.53490314271954,,,0.8447055458592588
DJI,Djibouti,2010,train,2.272852014603202,4.0189570437642335,,,0.6951836228855445
GNQ,Equatorial Guinea,2005,train,540.9291200911415,541.3881638940949,,,0.6724451678836365
MAR,Morocco,2011,train,0.0,-0.09492970691303793,,,1.0
DJI,Djibouti,2019,train,14.95802349761172,15.95532212841086,,,0.7046848854294657
CPV,Cape Verde,2002,train,0.8618986838703837,1.61318700511509,,,0.8273758304835964
BDI,Burundi,2019,train,513.4191337198715,494.408928037038,,,0.9654433733468526
ZAF,South Africa,2012,train,0.0858755318604083,0.2589279719751374,,,0.9232822538841916
UGA,Uganda,2020,train,331.0332923202138,290.6717893467874,,,0.6849307857105532
MLI,Mali,2013,train,591.0902314050455,622.3393040754713,,,0.7591880041333453
BEN,Benin,2008,train,474.8300643946839,425.1196601756828,,,0.9614325322133896
GNQ,Equatorial Guinea,2017,train,339.9514295111627,384.94859485504867,,,0.7046848854294657
ZMB,Zambia,2000,train,310.71689422035894,353.0839562803236,,,0.6822312979235898
CMR,Cameroon,2016,train,280.1179479817916,305.3244942601006,,,1.0
GHA,Ghana,2008,train,373.3598006377522,331.4902937912608,,,1.0
MLI,Mali,2002,train,856.4705432503266,792.2323642762119,,,0.6696515594610146
ETH,Ethiopia,2000,train,99.3347113741078,139.2726130576776,,,0.6965143543867369
MOZ,Mozambique,2018,train,131.78745194847846,154.7673620850168,,,0.9614325322133896
EGY,Egypt,2005,train,0.0,0.31453723824993984,,,0.7954660397940002
DZA,Algeria,2019,train,0.0,0.750712934101988,,,0.9614325322133896
SSD,South Sudan,2016,train,230.76547861164784,253.87881515052325,,,0.6711604219741063
ZAF,South Africa,2016,train,0.0558015829825297,-0.15003036917255375,,,1.0
SSD,South Sudan,2015,train,246.79010571515255,255.22959237036844,,,0.816491947104863
ETH,Ethiopia,2008,train,120.14458343346294,141.67814770128652,,,0.947641456058546
KEN,Kenya,2012,train,15.349181949176984,24.210028791500964,,,0.8569985902769398
SSD,South Sudan,2007,train,263.29776433898854,287.7913623994547,,,0.4229005230976463
TZA,Tanzania,2018,train,81.10868016363206,96.53950825267847,,,1.0
AGO,Angola,2017,train,139.32023913336943,163.29928653890045,,,0.7436197318344521
CAF,Central African Republic,2007,train,483.6973967977649,502.02244715130445,,,0.6298920504172294
COG,Congo,2014,train,154.6955552486019,131.6531643481809,,,0.7436197318344521
SDN,Sudan,2018,train,26.34015239291993,29.12371286236549,,,0.914894164060486
NGA,Nigeria,2004,train,551.1475131148634,535.8281272422834,,,0.8273758304835964
SLE,Sierra Leone,2018,train,536.8718355043297,528.2877318995309,,,0.9654433733468526
TGO,Togo,2011,train,234.1260558428052,237.42002933589166,,,0.9614325322133896
CPV,Cape Verde,2007,train,0.1717367299320844,0.9435372248521869,,,0.8273758304835964
MWI,Malawi,2008,train,270.72011026868813,242.20155543237664,,,0.9654433733468526
MLI,Mali,2011,train,536.82205770498,595.3923921571042,,,0.947641456058546
COD,Democratic Republic of Congo,2014,train,547.1510314576996,488.9009752076055,,,0.8913767337412392
MDG,Madagascar,2016,train,77.77473063276454,63.85907914925312,,,1.0
MRT,Mauritania,2013,train,31.16342407512124,39.63633976322629,,,0.947641456058546
MAR,Morocco,2015,train,0.0,-0.291315132486031,,,0.9614325322133896
LBR,Liberia,2002,train,791.5034942803219,816.1501228980358,,,0.546558842605038
SLE,Sierra Leone,2007,train,751.4552327216905,697.5167080233772,,,0.8054088862924524
DZA,Algeria,2017,train,0.0,0.19341371954770836,,,0.9614325322133896
CMR,Cameroon,2001,train,587.588426073098,615.4627000075865,,,0.655159909106784
EGY,Egypt,2007,train,0.0,0.03052745828796999,,,0.7954660397940002
CIV,Cote d'Ivoire,2003,train,619.799063324999,668.5755241726381,,,0.7482364936869627
TZA,Tanzania,2005,train,251.27356229725507,252.60380125260696,,,0.8394166746382353
ZWE,Zimbabwe,2004,train,27.624528748477953,26.878301542371446,,,0.649246599815815
TCD,Chad,2001,train,240.29491042913293,224.76645651558354,,,0.6965143543867369
BDI,Burundi,2010,train,424.02384975769695,375.75520355927927,,,1.0
ZMB,Zambia,2020,train,126.93041771184232,110.81114472426431,,,0.722774189891749
MOZ,Mozambique,2009,train,225.13288991853415,233.60928582265893,,,1.0
LBY,Libya,2018,train,0.0,0.5335475046442284,,,0.7046848854294657
CAF,Central African Republic,2012,train,335.2565407690561,377.9403817934768,,,1.0
DJI,Djibouti,2007,train,1.6914872905450733,3.217972021624539,,,0.6951836228855445
SOM,Somalia,2003,train,143.78450716603595,125.76898845346373,,,0.50713521072839
STP,Sao Tome and Principe,2013,train,46.98552065866632,29.83052865543326,,,0.9654433733468526
SEN,Senegal,2005,train,225.82860622129985,195.40056381503985,,,0.9654433733468526
RWA,Rwanda,2001,train,510.2774919178322,454.8073692795728,,,0.7349977672818333
UGA,Uganda,2018,train,257.9688302092362,253.72858130917723,,,0.7046848854294657
GNB,Guinea-Bissau,2013,train,104.2131479706957,93.84749084170004,,,0.7436197318344521
ERI,Eritrea,2015,train,2.5191204786401076,4.275171779017563,,,0.9524263055040152
BEN,Benin,2003,train,446.34220401185866,487.5440593530344,,,0.8429184980256788
GHA,Ghana,2014,train,253.97701873114113,283.5160856242503,,,1.0
CPV,Cape Verde,2010,train,0.501603690752071,1.5305365581957195,,,0.8273758304835964
SLE,Sierra Leone,2008,train,798.1675516247896,793.2368814352579,,,0.7436197318344521
CAF,Central African Republic,2003,train,464.02163457525904,507.88280619125794,,,0.6298920504172294
DZA,Algeria,2016,train,0.0,0.14447900296529737,,,0.9614325322133896
GNB,Guinea-Bissau,2007,train,103.50691022577456,99.19480211751927,,,0.546558842605038
BEN,Benin,2006,train,504.9694316866786,458.68609400156845,,,0.8876735952995639
TCD,Chad,2002,train,199.5638407704295,203.29026631981566,,,0.6724451678836365
TZA,Tanzania,2012,train,93.88218629421272,97.17980465223896,,,0.9614325322133896
GNB,Guinea-Bissau,2011,train,113.38276560770971,111.78666347196327,,,0.7436197318344521
SDN,Sudan,2019,train,25.404948250069793,32.78844601211317,,,0.914894164060486
RWA,Rwanda,2002,train,438.64005077077337,389.24154524317396,,,1.0
GHA,Ghana,2018,train,166.911109195316,142.53544786155754,,,1.0
COD,Democratic Republic of Congo,2010,train,670.5237309920433,650.9954729090547,,,0.9654433733468526
SSD,South Sudan,2013,train,240.39573980776564,219.8725891434617,,,0.5006422949059318
NER,Niger,2009,train,603.7807385722909,585.7648601065528,,,0.947641456058546
COM,Comoros,2015,train,0.5594712705444637,1.6149029960633805,,,0.7436197318344521
AGO,Angola,2005,train,468.717744880388,416.68096281142965,,,0.546558842605038
ZAF,South Africa,2008,train,0.0939211629714488,0.25529764749434203,,,0.8913767337412392
GAB,Gabon,2017,train,115.61323921240776,110.86430653011293,,,0.7436197318344521
ZMB,Zambia,2014,train,113.37048209863288,128.2404302549156,,,0.8569985902769398
ERI,Eritrea,2007,train,2.477007593445173,3.0630077640484403,,,0.8147645875860794
COM,Comoros,2019,train,2.3858450489663285,2.136939477637264,,,0.7436197318344521
AGO,Angola,2016,train,133.9495519018652,143.32247030144308,,,0.8011342256922559
MLI,Mali,2018,train,336.96182011983785,381.70143635448915,,,0.8447055458592588
NAM,Namibia,2014,train,5.766519493085705,3.5765263955096644,,,1.0
ZWE,Zimbabwe,2005,train,18.723047805547036,24.733797505941755,,,0.649246599815815
ERI,Eritrea,2017,train,3.7914808308540633,4.721994500819077,,,0.9195136652500764
GHA,Ghana,2007,train,389.6401202932567,364.5883215722825,,,1.0
ZWE,Zimbabwe,2006,train,20.9833385062712,27.450178609632705,,,0.649246599815815
MRT,Mauritania,2015,train,59.60751955420545,48.52385799442938,,,0.947641456058546
TGO,Togo,2002,train,326.07374913663966,342.3008133547303,,,0.655159909106784
STP,Sao Tome and Principe,2001,train,276.0282692801891,308.1607069262467,,,0.5351551554505428
SEN,Senegal,2008,train,154.5604567484633,132.17259693300628,,,1.0
TCD,Chad,2005,train,185.6096800714149,190.62922721681684,,,0.6965143543867369
TGO,Togo,2007,train,302.680240436985,344.02389345051046,,,0.655159909106784
TGO,Togo,2017,train,179.8957758777002,205.10897335552104,,,1.0
GIN,Guinea,2020,train,392.797650772785,347.10527820526045,,,0.8549513474083673
ZWE,Zimbabwe,2007,train,68.91116287823374,47.06134612903883,,,0.649246599815815
TZA,Tanzania,2000,train,478.1265939565361,535.3760705550085,,,0.7066507645689606
LBR,Liberia,2012,train,394.01521511743863,424.5625557303951,,,0.7702365072501187
CPV,Cape Verde,2013,train,0.1493126691498335,0.4217817091985949,,,0.947641456058546
MRT,Mauritania,2008,train,56.93431973638836,52.3561187940498,,,0.7639014215781997
UGA,Uganda,2001,train,989.7938518306048,912.6494505786168,,,0.6696515594610146
CPV,Cape Verde,2015,train,0.046258558451952,0.8537250967716321,,,0.947641456058546
MAR,Morocco,2012,train,0.0,-0.17286195337481347,,,1.0
SOM,Somalia,2016,train,34.33993804503756,33.09564449437671,,,0.6899819745084069
CPV,Cape Verde,2005,train,0.6260207054905004,1.5342792020959268,,,0.8273758304835964
SSD,South Sudan,2003,train,331.8518607766426,334.44617077250336,,,0.4229005230976463
UGA,Uganda,2005,train,757.4670681265834,683.3185482658196,,,0.8796090128599252
SLE,Sierra Leone,2020,train,583.735699465327,522.4861911937335,,,0.9383795536674592
BDI,Burundi,2006,train,650.8514056604693,623.6860343708707,,,0.9232822538841916
COM,Comoros,2016,train,0.3787199843880531,0.7412449393811225,,,0.7436197318344521
RWA,Rwanda,2004,train,245.03148505970503,223.09171624037774,,,1.0
BFA,Burkina Faso,2019,train,291.0158449260619,302.2735392630334,,,1.0
GAB,Gabon,2001,train,197.86044125338287,228.5572653327464,,,0.6524381106202172
ETH,Ethiopia,2020,train,64.45291237756783,52.75905851727642,,,0.8549513474083673
SLE,Sierra Leone,2014,train,566.2896358895078,631.1056119283007,,,0.7436197318344521
LBR,Liberia,2019,train,347.08056302996647,392.72508791787504,,,0.7436197318344521
ZAF,South Africa,2006,train,0.1340426463642615,0.9292665727938654,,,0.8913767337412392
MRT,Mauritania,2000,train,93.34720656983076,80.601632364856,,,0.6208566902171375
BDI,Burundi,2014,train,364.8944784170578,373.84687711756675,,,1.0
BEN,Benin,2011,train,379.9818679703668,353.3519876405539,,,1.0
CPV,Cape Verde,2004,train,0.4942401204394488,1.5162987202278346,,,0.8273758304835964
ETH,Ethiopia,2004,train,300.81197163728615,263.1856844918616,,,0.6965143543867369
ZWE,Zimbabwe,2013,train,36.85585026485439,31.95977784547466,,,1.0
TCD,Chad,2018,train,124.91552248242034,138.57396108553365,,,0.914894164060486
MLI,Mali,2007,train,596.4861064683269,663.4344597808065,,,0.914894164060486
TZA,Tanzania,2016,train,97.9640819507052,93.27435020293281,,,1.0
SOM,Somalia,2007,train,79.69801464924447,77.89088760621607,,,0.6079028142368931
DZA,Algeria,2008,train,8.609266863776364e-06,-0.5296615557575584,,,0.9654433733468526
SSD,South Sudan,2014,train,236.36352909544237,271.1252751149524,,,0.5006422949059318
AGO,Angola,2015,train,131.65966819449767,125.75934531610046,,,0.8876735952995639
GMB,Gambia,2011,train,187.3759457264404,191.51050822585472,,,0.9614325322133896
MLI,Mali,2000,train,794.7568650912428,718.4649821406447,,,0.6965143543867369
CIV,Cote d'Ivoire,2001,train,606.6160641401855,543.6382097164761,,,0.8104092660063353
DJI,Djibouti,2009,train,7.056710124835176,3.761104098988853,,,0.6951836228855445
TZA,Tanzania,2014,train,100.01386254669846,116.3222712008351,,,0.8913767337412392
LBR,Liberia,2004,train,781.7084017425724,706.0903025041064,,,0.546558842605038
MDG,Madagascar,2014,train,85.48701910305171,71.9775524135314,,,1.0
STP,Sao Tome and Principe,2008,train,50.73848817780261,40.58277267239417,,,0.8429184980256788
TGO,Togo,2005,train,339.9306219505752,325.7634615976229,,,0.7095987238469781
SOM,Somalia,2004,train,118.37165532147851,116.57151717997762,,,0.50713521072839
CIV,Cote d'Ivoire,2010,train,554.772925460372,495.7248129834581,,,0.7702365072501187
MDG,Madagascar,2001,train,128.4540656298946,136.3404822715479,,,0.7066507645689606
DJI,Djibouti,2003,train,17.216285587376184,12.440047167568178,,,0.5109584106717712
ETH,Ethiopia,2015,train,79.90578673409028,69.19020256566682,,,0.914894164060486
CPV,Cape Verde,2003,train,0.7145412945661425,0.5376441965617664,,,0.8273758304835964
ZAF,South Africa,2014,train,0.1450203642595507,-0.11172460336530055,,,0.9232822538841916
NGA,Nigeria,2001,train,587.2124670332587,567.8635283117956,,,0.6208566902171375
MWI,Malawi,2010,train,212.824445462694,245.24322836875342,,,1.0
UGA,Uganda,2000,train,996.8140210794032,906.5061952241616,,,0.6182774011362293
LSO,Lesotho,2004,train,0.0,-0.026333266273780298,,,0.8429184980256788
ZAF,South Africa,2017,train,0.3287420388629526,0.0049949249146572505,,,0.9232822538841916
GIN,Guinea,2005,train,597.1568217417455,542.5940416476426,,,0.6965143543867369
STP,Sao Tome and Principe,2000,train,279.0981375221731,243.47058644222508,,,0.5351551554505428
MAR,Morocco,2017,train,0.0,-0.03522315473341586,,,1.0
CPV,Cape Verde,2000,train,1.7718221350242265,3.327331594271814,,,0.6696515594610146
CMR,Cameroon,2020,train,287.3366150053995,263.71756727707145,,,0.7486448297699172
SEN,Senegal,2001,train,158.3032356329096,184.53255647291277,,,0.7095987238469781
GNQ,Equatorial Guinea,2009,train,418.65248146009895,370.867096764811,,,0.6465106605330224
SDN,Sudan,2009,train,31.856121526076752,37.2260219419655,,,0.8749405394238315
ZWE,Zimbabwe,2019,train,23.825411885173953,18.11641803596584,,,0.9282086671455012
MLI,Mali,2008,train,587.2175626547869,621.0880990603719,,,0.947641456058546
NER,Niger,2014,train,606.9593617852163,580.4163739139105,,,0.914894164060486
GNQ,Equatorial Guinea,2012,train,407.7017752898214,371.08097331029006,,,0.6465106605330224
GHA,Ghana,2001,train,510.45526668874584,454.99428687972886,,,0.7095987238469781
EGY,Egypt,2010,train,0.0,0.22000030479842825,,,0.8273758304835964
CAF,Central African Republic,2018,train,282.1983603274913,279.513510200357,,,0.7436197318344521
BDI,Burundi,2018,train,510.6111189792587,505.6965358520449,,,1.0
TGO,Togo,2006,train,325.8137483975954,335.1599250864427,,,0.7095987238469781
LBY,Libya,2020,train,0.0,0.7799260898444882,,,0.6849307857105532
CMR,Cameroon,2017,train,272.6903280253031,281.6590461823964,,,0.9614325322133896
NAM,Namibia,2016,train,5.9663507160247065,7.771138776980434,,,1.0
ZWE,Zimbabwe,2000,train,42.08093988568705,50.37085951898845,,,0.7782516906978262
TCD,Chad,2008,train,193.4618067087763,167.4758583245522,,,0.8749405394238315
MDG,Madagascar,2000,train,119.73620503613668,141.3089091203957,,,0.7066507645689606
STP,Sao Tome and Principe,2017,train,6.7645867639544965,7.100319735845044,,,0.9654433733468526
COD,Democratic Republic of Congo,2006,train,840.2532737910572,762.7903991484092,,,0.546558842605038
COD,Democratic Republic of Congo,2020,train,475.7927518363102,423.11812963708655,,,0.934481146555706
TZA,Tanzania,2001,train,456.5482603570835,456.47441916989555,,,0.7066507645689606
ETH,Ethiopia,2001,train,205.8037449777841,177.41737615590912,,,0.6965143543867369
BDI,Burundi,2017,train,437.88986828557114,388.4544660954009,,,1.0
CAF,Central African Republic,2015,train,282.7243558468783,304.61696004309647,,,0.7436197318344521
TCD,Chad,2013,train,127.03838130663792,133.89665961962405,,,0.914894164060486
GAB,Gabon,2018,train,109.61961626219846,116.59394585880024,,,0.7436197318344521
STP,Sao Tome and Principe,2016,train,7.451667587119054,8.70257776635413,,,0.9654433733468526
COG,Congo,2015,train,148.2410101968252,125.85886975984332,,,0.7436197318344521
ETH,Ethiopia,2016,train,60.731908321499624,61.21323380598214,,,0.7046848854294657
ZAF,South Africa,2002,train,0.1552370703515281,0.9718370543458539,,,0.9654433733468526
SOM,Somalia,2010,train,32.51989812638546,41.2360345241001,,,0.50713521072839
UGA,Uganda,2010,train,500.1040896791118,498.8832109125602,,,0.9110933247287516
SOM,Somalia,2014,train,34.1225485558726,31.22351626318187,,,0.6899819745084069
BEN,Benin,2010,train,422.3515165623916,402.39274637671866,,,0.9614325322133896
CMR,Cameroon,2003,train,658.3602945601839,621.092795765655,,,0.7349977672818333
MWI,Malawi,2007,train,287.91221046330116,262.25176398841586,,,1.0
ETH,Ethiopia,2003,train,239.4606309492828,222.37158394215643,,,0.6965143543867369
ZAF,South Africa,2010,train,0.0848958985693116,0.059864306990236704,,,0.8913767337412392
SDN,Sudan,2004,train,57.04834082866115,60.87732237558169,,,0.6296618020480144
NAM,Namibia,2000,train,23.328661458918063,30.313921253754916,,,0.7095987238469781
SEN,Senegal,2014,train,43.51276199856274,48.923311159146074,,,1.0
UGA,Uganda,2013,train,342.2222231906274,364.23281823110557,,,0.8796090128599252
COM,Comoros,2009,train,14.764746936782542,18.923987258891056,,,0.7702365072501187
MWI,Malawi,2011,train,196.2354769228566,221.1936719784253,,,1.0
DZA,Algeria,2001,train,7.370292383867997e-05,0.5850089516239285,,,0.7095987238469781
SLE,Sierra Leone,2016,train,570.1387228079252,510.00940466123825,,,0.9654433733468526
SSD,South Sudan,2012,train,231.46908854739388,228.17743959261435,,,0.5006422949059318
BWA,Botswana,2017,train,1.7424943199713552,0.6669272282250074,,,0.7702365072501187
MDG,Madagascar,2015,train,82.64342166267363,71.59608173143741,,,1.0
ZMB,Zambia,2019,train,104.76934675966343,96.37614463164118,,,0.7436197318344521
SOM,Somalia,2005,train,119.51404620429328,112.1350213841838,,,0.50713521072839
SWZ,Eswatini,2008,train,1.907577841284664,1.4304556011190308,,,0.649246599815815
ZWE,Zimbabwe,2009,train,34.797495842607574,43.9136644743382,,,0.7436197318344521
RWA,Rwanda,2008,train,155.53980177388627,152.89369082444588,,,0.9654433733468526
GNB,Guinea-Bissau,2005,train,130.04016483052217,147.4153109432456,,,0.546558842605038
CIV,Cote d'Ivoire,2015,train,302.30905763627806,264.58309870509987,,,1.0
SDN,Sudan,2006,train,59.14328811787391,47.78934258850856,,,0.7479629861353997
GMB,Gambia,2000,train,160.75650396878632,156.0301470303178,,,0.9282086671455012
GIN,Guinea,2013,train,472.4781595006445,514.1364260876203,,,0.9110933247287516
STP,Sao Tome and Principe,2010,train,21.435301671129046,28.028240623839736,,,1.0
BDI,Burundi,2007,train,563.2535401760209,544.8133332416177,,,0.9654433733468526
MRT,Mauritania,2019,train,40.438903234125405,44.09185970927777,,,0.947641456058546
COG,Congo,2001,train,368.1573881980821,394.1207765285253,,,0.7066507645689606
TUN,Tunisia,2001,train,0.0,0.5278786985723714,,,0.8730895268394425
LBY,Libya,2019,train,0.0,0.6631763165054259,,,0.7046848854294657
MLI,Mali,2020,train,373.2245012702573,329.16342637389386,,,0.6849307857105532
ERI,Eritrea,2016,train,3.5081613809342342,4.560602250770166,,,0.7335935109645472
STP,Sao Tome and Principe,2007,train,21.255517570303304,27.81096426366967,,,0.8429184980256788
MLI,Mali,2012,train,588.1244047540977,634.673034806543,,,0.9110933247287516
TZA,Tanzania,2015,train,103.4394843713318,104.66748646994446,,,1.0
COG,Congo,2002,train,338.7606704223977,367.3626616027356,,,0.7349977672818333
RWA,Rwanda,2020,train,99.75495901971895,118.68347690881704,,,0.7486448297699172
ZAF,South Africa,2011,train,0.1135469138245382,0.16729217765248605,,,0.8913767337412392
MRT,Mauritania,2004,train,52.0605551098072,57.254681013244316,,,0.6430793429808791
EGY,Egypt,2002,train,0.0,0.4067579611607448,,,0.7954660397940002
MWI,Malawi,2018,train,157.55626856660754,145.60795673883226,,,0.9232822538841916
ETH,Ethiopia,2011,train,126.51533211068175,110.86514170916932,,,0.947641456058546
UGA,Uganda,2004,train,835.6899472205172,777.2849312453561,,,0.947641456058546
MAR,Morocco,2016,train,0.0,-0.1412684431373823,,,0.9614325322133896
ERI,Eritrea,2001,train,12.932087219896584,7.476692532027821,,,0.6956252994097223
CIV,Cote d'Ivoire,2006,train,604.7526362204878,552.138349523313,,,0.8104092660063353
NAM,Namibia,2009,train,1.679077618978569,1.7750826789359282,,,0.6822312979235898
MDG,Madagascar,2018,train,80.73504363811283,71.0315823368011,,,1.0
MWI,Malawi,2002,train,557.041113789838,543.3078607896651,,,1.0
COD,Democratic Republic of Congo,2009,train,726.9812442772356,655.0573396207876,,,1.0
ERI,Eritrea,2019,train,6.279172187540541,5.686126664133717,,,0.7082429938909738
SWZ,Eswatini,2006,train,1.249338591031495,2.603050685390563,,,0.8730895268394425
COM,Comoros,2014,train,0.7693505582458812,1.912933134220936,,,1.0
ZMB,Zambia,2018,train,108.60626137339028,111.13477777614528,,,0.7436197318344521
SDN,Sudan,2000,train,97.17314157127272,80.86669368998939,,,0.5252873702683676
GHA,Ghana,2010,train,335.55594867913993,376.82168039488676,,,0.7436197318344521
GNQ,Equatorial Guinea,2011,train,387.02382011147745,381.34026205176264,,,0.6465106605330224
GNB,Guinea-Bissau,2001,train,399.8119656888884,356.1878015549863,,,0.5351551554505428
MWI,Malawi,2009,train,255.936805167248,245.2628570023504,,,0.9654433733468526
ZWE,Zimbabwe,2016,train,27.616663000272705,22.999692319814685,,,0.9282086671455012
NGA,Nigeria,2020,train,377.75490615492345,333.3186400748562,,,0.8210263128701011
GNQ,Equatorial Guinea,2003,train,608.5056876500133,545.5532520267224,,,0.6465106605330224
LSO,Lesotho,2009,train,0.0,0.28073368131181375,,,0.9654433733468526
MDG,Madagascar,2010,train,79.45089400188465,66.27867767984317,,,0.9614325322133896
UGA,Uganda,2007,train,645.9177875559717,611.2943690097476,,,0.914894164060486
SSD,South Sudan,2009,train,232.3770408528627,230.3579901187419,,,0.4291937614715487
MWI,Malawi,2015,train,170.54741522527053,145.74279701555295,,,0.9232822538841916
TZA,Tanzania,2019,train,81.04736687142184,97.44551206805352,,,1.0
LSO,Lesotho,2010,train,0.0,0.38133201853561327,,,0.9654433733468526
MRT,Mauritania,2009,train,28.579222512487046,36.55366754592311,,,0.947641456058546
LBR,Liberia,2010,train,472.17309921442023,443.19594432287215,,,0.7702365072501187
NGA,Nigeria,2018,train,348.8767032357337,334.75532443901596,,,0.8447055458592588
BFA,Burkina Faso,2001,train,996.2520351539564,977.5994226433262,,,0.6947932880527071
COG,Congo,2011,train,183.87710918957688,163.97540008585102,,,0.9614325322133896
MAR,Morocco,2005,train,0.0,0.3372502707483578,,,0.8730895268394425
TUN,Tunisia,2007,train,0.0,-0.27933065789438194,,,0.8394166746382353
CPV,Cape Verde,2012,train,0.0078390587748727,0.5717476407715776,,,0.947641456058546
GNB,Guinea-Bissau,2020,train,86.00604690280177,85.29455656886056,,,0.722774189891749
AGO,Angola,2014,train,118.61824263299788,125.58812304608966,,,0.7436197318344521
KEN,Kenya,2015,train,34.13599818182961,26.527203311933786,,,1.0
CAF,Central African Republic,2002,train,447.5278157808753,502.521660929278,,,0.6298920504172294
MLI,Mali,2003,train,834.3754584429377,794.7902024728573,,,0.798784512807737
NAM,Namibia,2013,train,2.0361925657147184,2.2387603807079173,,,1.0
TGO,Togo,2010,train,236.24228059954095,239.794015123528,,,0.9282086671455012
TZA,Tanzania,2020,train,86.38149740077085,103.46113528104603,,,0.9719674706704208
GIN,Guinea,2001,train,574.9776687473862,640.5560334441235,,,0.6724451678836365
MOZ,Mozambique,2019,train,137.84246900557295,142.45726084857355,,,0.9282086671455012
SOM,Somalia,2017,train,30.185380618766914,37.26212889384067,,,0.6899819745084069
BFA,Burkina Faso,2011,train,579.3042019258389,520.4017466032196,,,0.9232822538841916
LSO,Lesotho,2017,train,0.0,0.2172929277272584,,,0.9232822538841916
COG,Congo,2009,train,195.48237422609915,170.08867254784957,,,0.9614325322133896
NAM,Namibia,2007,train,11.746668593613848,8.214407572759313,,,0.655159909106784
SLE,Sierra Leone,2002,train,770.8735983376386,695.9208993967789,,,0.5661221131077949
LBR,Liberia,2007,train,635.5816849898409,593.2487843199033,,,0.546558842605038
MRT,Mauritania,2018,train,56.174933363039976,45.21538742440949,,,0.947641456058546
GMB,Gambia,2019,train,23.63363196478428,26.674185811552242,,,0.9282086671455012
SOM,Somalia,2009,train,31.28755494974004,39.78451622306148,,,0.50713521072839
LSO,Lesotho,2007,train,0.0,0.32078135624244286,,,0.8429184980256788
SEN,Senegal,2017,train,48.83177204864182,53.818896064839166,,,0.7702365072501187
TUN,Tunisia,2011,train,0.0,0.2617262375064682,,,0.9232822538841916
TCD,Chad,2017,train,127.80267719518211,125.71460311578952,,,0.914894164060486
SWZ,Eswatini,2014,train,1.0343584962962422,1.8956693721163815,,,0.9654433733468526
NGA,Nigeria,2017,train,332.0029488461599,348.26292981185895,,,0.7046848854294657
SLE,Sierra Leone,2009,train,766.6802048272834,691.9078731842433,,,0.7436197318344521
SWZ,Eswatini,2019,train,0.5453613942450672,1.5914498796481595,,,0.9282086671455012
NER,Niger,2010,train,593.2231173407337,580.0123711985264,,,0.947641456058546
TGO,Togo,2000,train,297.45803329485796,338.463845524257,,,0.7095987238469781
COM,Comoros,2007,train,7.200656393841659,9.407856585000115,,,0.8104092660063353
DZA,Algeria,2004,train,4.465110750775552e-05,-0.2736466450871633,,,0.8730895268394425
NER,Niger,2012,train,623.6414911526119,599.4558034710901,,,0.947641456058546
MWI,Malawi,2012,train,177.6917999855797,198.7468747156286,,,1.0
GMB,Gambia,2020,train,31.50979544259208,32.40496436884368,,,0.9021886304597756
SSD,South Sudan,2018,train,271.7610831913182,275.9634718382465,,,0.6711604219741063
MDG,Madagascar,2003,train,135.4233902793047,140.45219134303812,,,0.8394166746382353
NAM,Namibia,2003,train,26.432089179381723,25.08451733905933,,,0.7349977672818333
SDN,Sudan,2015,train,27.550120482153385,26.002637349363834,,,0.947641456058546
LSO,Lesotho,2000,train,0.0,0.7833838006976765,,,0.7349977672818333
MOZ,Mozambique,2011,train,180.43355621328308,205.57971233307694,,,1.0
ZWE,Zimbabwe,2014,train,42.96692844598102,33.967068389907034,,,0.9282086671455012
MRT,Mauritania,2011,train,48.8927006452061,44.607138993607734,,,0.8749405394238315
BFA,Burkina Faso,2014,train,396.0589135631871,442.40219172199426,,,1.0
RWA,Rwanda,2006,train,134.18408019780188,146.41801900224746,,,0.8913767337412392
MOZ,Mozambique,2013,train,159.35883662170977,178.24993821831367,,,1.0
LBR,Liberia,2006,train,699.1613002576637,629.2434759736598,,,0.6822312979235898
ETH,Ethiopia,2007,train,158.1960067233378,177.01787600190318,,,0.914894164060486
GIN,Guinea,2019,train,371.29000571046055,380.7173422543032,,,0.7046848854294657
BEN,Benin,2005,train,510.3871318351094,462.329964345489,,,0.8569985902769398
AGO,Angola,2011,train,143.14810866953783,167.59447459410464,,,1.0
SSD,South Sudan,2005,train,312.8240932045135,274.1292654676047,,,0.4229005230976463
NGA,Nigeria,2002,train,578.2276768084178,562.531477419455,,,0.6208566902171375
STP,Sao Tome and Principe,2020,train,4.859774683839613,7.451480445845789,,,0.722774189891749
TCD,Chad,2011,train,146.7587389080581,152.10961293016868,,,0.947641456058546
CMR,Cameroon,2008,train,500.3153160344175,513.7520161993126,,,0.8730895268394425
AGO,Angola,2006,train,422.2723153694163,379.2782248025688,,,0.546558842605038
UGA,Uganda,2014,train,306.56172354941,325.9959239334195,,,0.790557862635476
COM,Comoros,2020,train,0.6284094405841268,1.117001630842371,,,0.722774189891749
GIN,Guinea,2006,train,569.8718363881895,519.4788357533849,,,0.6965143543867369
NER,Niger,2016,train,525.2963928238996,524.3597511829357,,,0.947641456058546
SWZ,Eswatini,2000,train,9.356488557756077,6.333710003783419,,,0.8730895268394425
COD,Democratic Republic of Congo,2015,train,544.480714450856,489.7138741689213,,,0.9654433733468526
ETH,Ethiopia,2019,train,39.53754152760225,49.51526146684855,,,0.7046848854294657
MRT,Mauritania,2002,train,71.8834386082862,86.94485522774094,,,0.6965143543867369
SWZ,Eswatini,2013,train,2.515583265053181,2.0502148802087365,,,1.0
LBY,Libya,2004,train,0.0,0.7832349580262172,,,0.7090599203536545
GIN,Guinea,2015,train,407.8631692636906,451.34410723109045,,,0.7046848854294657
CMR,Cameroon,2012,train,323.6666626144516,319.2604060700111,,,1.0
BEN,Benin,2020,train,333.6428664439572,311.5269125532395,,,0.9719674706704208
GHA,Ghana,2009,train,356.53571688432606,367.0457399704958,,,1.0
MWI,Malawi,2017,train,148.9175430744915,148.27591188599044,,,0.8913767337412392
TGO,Togo,2016,train,208.00165949893236,231.32778871247908,,,0.9614325322133896
CMR,Cameroon,2002,train,644.7681375258816,638.1602558438567,,,0.6786103951758196
ZWE,Zimbabwe,2011,train,28.848900230379208,36.88780487275907,,,0.7702365072501187
GNB,Guinea-Bissau,2016,train,65.58588953290179,62.10495018397505,,,0.7436197318344521
STP,Sao Tome and Principe,2019,train,6.844622729463181,9.189593144557294,,,0.7436197318344521
ZWE,Zimbabwe,2002,train,32.48290452742829,25.155011376038647,,,0.8429184980256788
BWA,Botswana,2001,train,1.5956422035243234,2.0895160604600047,,,0.8730895268394425
RWA,Rwanda,2014,train,128.22196224268365,126.06674839350659,,,1.0
DZA,Algeria,2014,train,0.0,-0.15169957066924922,,,0.9614325322133896
CPV,Cape Verde,2009,train,0.8468170374015224,1.48665078847766,,,0.8273758304835964
AGO,Angola,2019,train,152.0531947578969,167.63661114442584,,,0.7436197318344521
GIN,Guinea,2009,train,516.9473099080163,519.7085321230533,,,0.9110933247287516
SWZ,Eswatini,2001,train,5.784870620611745,5.372256012073501,,,0.8429184980256788
CAF,Central African Republic,2019,train,272.0988617995645,295.8873169229567,,,0.7436197318344521
NER,Niger,2007,train,588.7344537085888,551.7933802260367,,,0.6965143543867369
COM,Comoros,2006,train,16.10089809710047,13.249464754779394,,,0.649246599815815
NGA,Nigeria,2014,train,389.95856240299486,344.4247931918247,,,0.8447055458592588
SLE,Sierra Leone,2017,train,561.1281628688993,563.7495880664824,,,0.9654433733468526
GNQ,Equatorial Guinea,2001,train,663.4864925353984,596.2372194985218,,,0.5969118198170864
MOZ,Mozambique,2005,train,316.722017063515,359.65770081716613,,,0.8730895268394425
DJI,Djibouti,2001,train,2.7672966493850044,4.677683203206825,,,0.5109584106717712
TUN,Tunisia,2008,train,0.0,-0.287800509737721,,,0.8730895268394425
GMB,Gambia,2014,train,98.51717032545643,94.58112750200665,,,0.9282086671455012
RWA,Rwanda,2017,train,141.3734815788986,119.7649662251967,,,1.0
CIV,Cote d'Ivoire,2017,train,277.64231501653757,279.39021477209053,,,1.0
TGO,Togo,2008,train,278.28154848083545,242.86206022899833,,,0.9282086671455012
TCD,Chad,2012,train,128.49690394988892,151.15982780873176,,,0.914894164060486
CPV,Cape Verde,2014,train,0.184566186141124,0.788251893383805,,,0.947641456058546
MOZ,Mozambique,2015,train,132.9870424844698,156.0686748712391,,,1.0
ETH,Ethiopia,2002,train,200.2491394147395,190.3202848675258,,,0.6965143543867369
MAR,Morocco,2009,train,0.0,0.07963267660416595,,,1.0
LSO,Lesotho,2019,train,0.0,0.7805285639345887,,,0.9282086671455012
TUN,Tunisia,2013,train,0.0,-0.28913184845839557,,,0.9614325322133896
TUN,Tunisia,2017,train,0.0,0.21094769595667273,,,0.9614325322133896
TCD,Chad,2016,train,127.72528894094972,124.86025259018253,,,0.914894164060486
AGO,Angola,2013,train,120.61572881533569,138.8313119354879,,,0.7702365072501187
NER,Niger,2019,train,470.0304244958963,490.6675657545603,,,0.9110933247287516
GNB,Guinea-Bissau,2004,train,168.99204585255927,167.7272144652845,,,0.5351551554505428
ZWE,Zimbabwe,2008,train,31.116088965309917,37.00394807284948,,,0.7436197318344521
BFA,Burkina Faso,2007,train,749.9181134354204,767.0801936242209,,,1.0
SOM,Somalia,2015,train,37.405895935205635,33.49105008346856,,,0.6899819745084069
LSO,Lesotho,2018,train,0.0,0.3781461489970226,,,0.9614325322133896
NER,Niger,2020,train,540.9208164047074,483.1674404364377,,,0.6849307857105532
COG,Congo,2010,train,185.09988044533011,173.5519486207202,,,0.9282086671455012
DZA,Algeria,2013,train,6.481220923047808e-06,-0.24014596055188275,,,0.9614325322133896
EGY,Egypt,2000,train,0.0,0.7831341298951975,,,0.798784512807737
LBY,Libya,2012,train,0.0,0.5536489039464856,,,0.7046848854294657
SWZ,Eswatini,2009,train,2.0525215975479303,1.163864351120206,,,0.9654433733468526
CPV,Cape Verde,2019,train,0.0005007885411088,0.7827173831315399,,,0.914894164060486
SEN,Senegal,2000,train,475.7713112732934,312.4290636923901,,,0.7095987238469781
DZA,Algeria,2020,train,0.0,0.7812377656055327,,,0.934481146555706
MWI,Malawi,2016,train,154.56822966536632,135.68827743890958,,,0.8913767337412392
STP,Sao Tome and Principe,2012,train,66.85478245929617,52.616125957783865,,,0.9232822538841916
LSO,Lesotho,2016,train,0.0,-0.07458154399244821,,,0.9654433733468526
ZMB,Zambia,2017,train,98.43404512534156,117.22441170158629,,,0.8569985902769398
MRT,Mauritania,2014,train,50.66540968695095,43.55054271397527,,,0.914894164060486
SDN,Sudan,2012,train,23.34007232586089,27.895868250232972,,,0.947641456058546
TCD,Chad,2000,train,269.71545119963116,235.1244557249562,,,0.6965143543867369
TZA,Tanzania,2009,train,133.18109502745529,122.4606737288652,,,0.9282086671455012
MAR,Morocco,2006,train,0.0,0.018770035445036415,,,0.8730895268394425
GNB,Guinea-Bissau,2006,train,103.91146911829463,112.66568743620307,,,0.546558842605038
GHA,Ghana,2012,train,289.8155247358448,329.8911694711191,,,1.0
SEN,Senegal,2016,train,43.970168881803296,54.72136107044647,,,0.7702365072501187
NAM,Namibia,2012,train,0.1272962313103821,1.4085525659013562,,,1.0
CIV,Cote d'Ivoire,2000,train,595.1706195728489,662.261726395638,,,0.6822312979235898
AGO,Angola,2000,train,443.2198202518052,497.7899473911564,,,0.5684838241813618
GMB,Gambia,2018,train,41.96030574135688,35.890222672040686,,,0.9282086671455012
COD,Democratic Republic of Congo,2003,train,916.7767893910468,920.8433669500948,,,0.546558842605038
SDN,Sudan,2010,train,27.30819381212528,35.08783376536032,,,0.947641456058546
SWZ,Eswatini,2007,train,2.065062682044375,1.4255616956419752,,,0.8429184980256788
RWA,Rwanda,2007,train,131.88730456523405,155.0050138997369,,,0.8913767337412392
GNQ,Equatorial Guinea,2007,train,496.75091365594534,442.45839520125406,,,0.5179418174279119
NER,Niger,2013,train,651.7526926871603,605.833829711014,,,0.914894164060486
CMR,Cameroon,2004,train,652.1246053171897,615.993568295526,,,0.7349977672818333
SLE,Sierra Leone,2010,train,725.2759989183138,719.8921052555316,,,0.7436197318344521
BFA,Burkina Faso,2003,train,1033.076899711403,940.4611902613417,,,0.7196623926726051
EGY,Egypt,2015,train,0.0,-0.11945331287208738,,,0.7299080452399515
GHA,Ghana,2004,train,469.26798128579657,436.2506497263723,,,0.9654433733468526
BDI,Burundi,2016,train,418.6762062666773,406.8168071068892,,,1.0
UGA,Uganda,2015,train,290.7067823275494,269.727003179791,,,0.8121273919301606
SEN,Senegal,2020,train,48.49157089325952,44.78320475116376,,,0.9719674706704208
GHA,Ghana,2020,test,171.1653831973042,115.97827600713353,60.679696013673805,129.93408312846105,0.8974003170227031
CMR,Cameroon,2013,test,312.72703303508905,312.8513290205505,296.0044018794469,333.4429876705815,0.8011342256922559
BFA,Burkina Faso,2004,test,943.5929639999496,913.533523713048,803.4705600294054,957.6851026420737,0.6947932880527071
SEN,Senegal,2004,test,219.4416344685864,161.29550297577177,114.92164519459702,191.9432889139871,0.8429184980256788
MOZ,Mozambique,2016,test,130.61236290265637,155.68827254163256,147.30712822079155,169.97749849717835,0.8876735952995639
RWA,Rwanda,2012,test,157.1851592984276,143.22933334710007,132.57844929245164,153.57566737940067,1.0
COD,Democratic Republic of Congo,2013,test,559.8163891771092,513.3922740589983,483.94012912488574,526.2761873953315,1.0
GAB,Gabon,2020,test,120.8005944400419,135.28253675334818,100.57254850778953,166.91041888582453,0.722774189891749
ZWE,Zimbabwe,2015,test,35.159155281170115,24.31271006017663,19.379903009981913,27.83736511258966,0.9614325322133896
STP,Sao Tome and Principe,2004,test,285.84451680331597,365.5412146149704,279.3190472626438,467.4591527295103,0.8253314093191696
ZAF,South Africa,2018,test,0.1616456209948164,0.7756851084727675,0.1935291484179623,2.0895449227549716,1.0
RWA,Rwanda,2003,test,341.6486626797168,286.2553350885499,236.01361248725323,336.88040141451387,1.0
STP,Sao Tome and Principe,2015,test,7.194431695317848,11.623709173626118,8.792418953461986,16.09331064756224,0.9232822538841916
LBY,Libya,2010,test,0.0,0.7882942164346005,0.481467222707877,1.4066853227299614,0.7046848854294657
LSO,Lesotho,2020,test,0.0,1.9577700232752628,1.1005933569894664,4.568933524017469,0.9021886304597756
TGO,Togo,2003,test,333.9200406415468,360.0495428999541,325.46679735318736,435.0362646029484,0.7095987238469781
GAB,Gabon,2000,test,204.9053079994541,238.50970605015317,232.41071894946705,256.2112507350178,0.546558842605038
GNB,Guinea-Bissau,2014,test,88.61798746122945,92.01148803269837,74.88833098111071,103.02889014122891,0.7436197318344521
MRT,Mauritania,2007,test,41.45298778341246,46.697866791302815,42.81571397472479,51.237277393649805,0.7679774168415813
NER,Niger,2006,test,608.3826484264569,536.9179457994733,502.01564621588835,570.9929520796677,0.6965143543867369
BEN,Benin,2002,test,423.5324048074273,360.4216875335437,299.30779618066407,463.9754524141942,0.8429184980256788
TCD,Chad,2019,test,124.7715114399118,142.35313134595387,122.70384368517638,160.6491192359217,0.8447055458592588
CPV,Cape Verde,2011,test,0.118781620906186,0.4457406014883824,-0.32564846599384273,0.9876804331585658,0.947641456058546
BWA,Botswana,2007,test,1.0860776318074767,0.7190177446234258,0.005820913792097204,1.7383075708167792,0.8429184980256788
TCD,Chad,2010,test,168.59416176499016,183.7342300265886,168.57697420731034,209.68381094860734,0.947641456058546
MAR,Morocco,2020,test,0.0,0.939045928629881,0.07761715264596197,1.9104528101357419,0.9719674706704208
EGY,Egypt,2003,test,0.0,0.5074317197810987,0.22272738502076053,1.4301651605181045,0.8273758304835964
SWZ,Eswatini,2010,test,1.4198453582735,1.1430987380653241,0.40055203508777265,1.8721531587907088,0.9654433733468526
BFA,Burkina Faso,2012,test,523.3015052057474,516.8868354265928,502.6040479991615,528.4162434233941,1.0
BFA,Burkina Faso,2002,test,1060.692731745082,943.9753616780362,780.4791821962418,994.1872527492818,0.6919068365259694
GNQ,Equatorial Guinea,2008,test,477.51857428270336,358.3261262936006,302.3793630913674,373.73336880679324,0.6465106605330224
MRT,Mauritania,2017,test,55.69939060400278,54.429143561369436,51.06253062468613,57.33960335165136,0.947641456058546
NGA,Nigeria,2009,test,520.2366523784827,444.38587152674404,411.44584762115636,481.4843774668874,0.798784512807737
BEN,Benin,2009,test,452.4470030800886,447.0941847568411,408.8733267158622,489.04304595895155,0.8876735952995639
COG,Congo,2016,test,143.0429838918518,142.09599290657133,119.05660993705656,155.5387055932073,0.7436197318344521
TUN,Tunisia,2012,test,0.0,-0.04883059524730651,-0.35497860615080407,0.44024159532105367,0.8876735952995639
ZAF,South Africa,2005,test,0.0857011298742246,1.1150343735961825,0.8422313927075287,2.011263174242724,0.8913767337412392
NAM,Namibia,2002,test,28.149480444010365,23.63759914777076,10.438176793004459,29.007302244137417,0.7349977672818333
COD,Democratic Republic of Congo,2017,test,517.154225027193,474.42281243161625,438.19110661554674,489.3461251464417,0.7436197318344521
SSD,South Sudan,2017,test,239.89419506968903,273.2142191951216,226.86113559380726,304.6013752187626,0.6711604219741063
BEN,Benin,2014,test,333.9919482673147,329.3495313153907,303.41351640960687,357.24487834825925,1.0
TUN,Tunisia,2016,test,0.0,-0.10552425878177761,-0.39900100435218944,0.13829588383774288,1.0
TGO,Togo,2012,test,240.40027207594744,260.3329067264616,235.7821243867,284.2961779417656,0.9614325322133896
SEN,Senegal,2009,test,92.72105906502412,100.51773101039575,68.38755682516728,114.74486435455502,0.9614325322133896
MOZ,Mozambique,2010,test,207.84638447008848,233.10457237170732,221.57066124470546,244.35557910538108,1.0
CAF,Central African Republic,2006,test,489.0940777182065,487.93855855447,460.1524096685303,522.3433128866591,0.7066507645689606
SOM,Somalia,2006,test,98.67893172184942,102.5693831833466,91.29837509116037,114.2240322297095,0.50713521072839
LSO,Lesotho,2014,test,0.0,-0.012596610079628303,-0.2133495024305694,0.4436393735301171,1.0
GMB,Gambia,2001,test,211.214316979914,167.97551991631016,130.79820517660374,180.59727467068652,0.9282086671455012
BDI,Burundi,2002,test,1022.8235058976492,856.2274468031305,529.0248947330667,946.9637953407248,0.7066507645689606
MDG,Madagascar,2020,test,119.06902193709416,85.89111266670385,72.0847107014549,96.76221098548831,0.934481146555706
ERI,Eritrea,2010,test,5.012768440182408,3.8366806853059723,2.580492061886504,4.658569664495938,0.9665994867765476
EGY,Egypt,2008,test,0.0,0.04099619160331221,-0.263414245011188,0.48276095644903194,0.6372750698548517
ZAF,South Africa,2003,test,0.1358228183117505,1.2970600628186972,1.0287572508248273,2.272640076936936,0.9654433733468526
SEN,Senegal,2002,test,169.61959158796375,227.90579893782603,144.7702963472282,339.2334185817323,0.7095987238469781
GHA,Ghana,2003,test,498.3092017211882,460.9461425232426,431.0000384664429,481.0268974445719,0.9654433733468526
BFA,Burkina Faso,2017,test,311.8666349324261,328.80466060751564,312.3527372782665,341.98104150062613,1.0
MDG,Madagascar,2007,test,133.34933000929237,124.24994428902671,102.4677697581,144.3121828456939,0.8730895268394425
KEN,Kenya,2017,test,32.922260785398834,27.44650760757767,21.003792395821936,35.75534948588918,0.8876735952995639
MAR,Morocco,2014,test,0.0,-0.10046420281784492,-0.5114506109520367,0.46921532219625056,0.9614325322133896
CIV,Cote d'Ivoire,2018,test,279.84327515902964,293.7178415746195,266.16759041343306,316.71530592574334,0.9654433733468526
AGO,Angola,2010,test,174.7762533769059,186.6316148963198,172.59227767990177,202.22281567498777,0.9654433733468526
ZMB,Zambia,2010,test,92.0903279080038,102.26505167904935,89.63285475345171,115.46076605632109,0.9282086671455012
SLE,Sierra Leone,2004,test,792.5390856478668,744.7316453781012,668.3496453491192,807.2972261221049,0.546558842605038
COG,Congo,2006,test,281.1319177710053,252.54463612305227,236.23454157691413,274.00027551453695,0.6822312979235898
BDI,Burundi,2004,test,809.3744585752235,731.9719690033619,480.3402985239837,810.80234995308,1.0
LBY,Libya,2011,test,0.0,0.40266345790489966,0.07814594029544929,0.8504877461701518,0.7046848854294657
LBR,Liberia,2017,test,364.6887112817284,462.4288574858501,410.65062775363697,508.88619939228465,0.9282086671455012
ETH,Ethiopia,2014,test,79.10805025655785,82.78689053652423,70.36939738259188,91.14375459476864,0.9110933247287516
DJI,Djibouti,2013,test,1.7971563924883005,4.211858333828178,2.184723984057088,8.55746026913386,0.7046848854294657
GAB,Gabon,2007,test,110.11734816699769,98.27236480642067,77.81613563349417,117.29419631806601,0.649246599815815
TGO,Togo,2020,test,179.0578711884359,175.31316780822195,138.59111179316352,197.31335091225293,0.934481146555706
TUN,Tunisia,2004,test,0.0,1.1742698740906836,0.20658883797846006,2.995336980540579,0.9614325322133896
MDG,Madagascar,2006,test,164.46094750777922,144.93479118267862,121.11413702441202,162.344671576418,0.8730895268394425
RWA,Rwanda,2005,test,178.29894132452864,172.92904727881643,154.18914529597592,215.63084245441237,0.8913767337412392
MRT,Mauritania,2020,test,41.64632717476292,46.47835697985921,39.00639441244611,53.45958040465489,0.9210766691476598
ERI,Eritrea,2014,test,4.4256552822731985,3.362915118763634,2.608708467180102,4.229841205934064,0.8793583060043407
SLE,Sierra Leone,2012,test,632.109606579213,598.3937039772543,506.84913468532443,645.4747829566229,0.9654433733468526
EGY,Egypt,2019,test,0.0,2.113032844369243,0.5821260617119582,6.3580992271067815,0.947641456058546
UGA,Uganda,2016,test,299.6639045245775,246.27524339468945,221.34883934213465,262.827737261456,0.8796090128599252
ZAF,South Africa,2007,test,0.0690766965179089,0.7204802913748949,0.42520639534693194,1.3549238328613435,0.8913767337412392
GMB,Gambia,2016,test,74.05007788147057,67.78891983357852,61.535080789456536,75.35908932585782,0.9282086671455012
COD,Democratic Republic of Congo,2000,test,992.130328925685,784.3948098150552,529.0279413269766,866.4388466562489,0.546558842605038
LBR,Liberia,2005,test,754.9317056207341,666.4610514621413,619.2645142726282,690.7562610427275,0.546558842605038
LBY,Libya,2005,test,0.0,0.6757295568437931,0.39145482944668314,1.7965875284585782,0.7375035653529133
DJI,Djibouti,2012,test,0.0319605419149394,4.03807715083239,1.991939634072667,7.66676000391662,0.6711604219741063
LBY,Libya,2003,test,0.0,0.964290645480991,0.6154618142809197,2.2276763020505403,0.7639014215781997
NER,Niger,2000,test,636.4566159501198,404.2540911061685,356.1078181347728,456.94570068246685,0.6724451678836365
MAR,Morocco,2001,test,0.0,1.0678235319999037,0.35246730875660964,1.8830535955970973,0.8730895268394425
MLI,Mali,2016,test,419.6408160446942,458.9342468244693,402.1732953853654,496.6895855365969,0.914894164060486
GMB,Gambia,2004,test,130.44437811182414,122.0823135770741,106.20912545511686,133.27864021604637,0.9614325322133896
TUN,Tunisia,2002,test,0.0,0.7882606728948118,0.1478100026666927,2.397145579542635,0.8730895268394425
BEN,Benin,2017,test,332.30436687683044,377.455931359142,346.58138738704173,415.86418095073833,0.8876735952995639
TCD,Chad,2003,test,194.64063583965097,202.7338826441456,185.24026643381328,219.07711125946156,0.6965143543867369
DJI,Djibouti,2015,test,9.988908351186126,4.677996296883723,2.182872102546227,8.560720468138339,0.7046848854294657
SDN,Sudan,2003,test,65.42257729688032,69.01942543388691,62.825603957167786,82.15497027125915,0.6296618020480144
ZMB,Zambia,2002,test,290.8128095134703,334.9928671997327,305.01809121962935,389.70612672496,0.6822312979235898
SLE,Sierra Leone,2019,test,494.3994269296307,475.01244331675116,381.18618071078953,529.129007078952,0.9654433733468526
SWZ,Eswatini,2012,test,1.1020399384635875,1.110416690730134,0.506702284161182,1.9822235848762493,0.9654433733468526
GAB,Gabon,2015,test,131.76213210562972,128.830256907062,114.28013354311169,145.93729627334386,0.7436197318344521
AGO,Angola,2002,test,443.7875159647008,424.4598775584402,367.46506791260066,466.7502517082476,0.5888318671768685
SWZ,Eswatini,2016,test,0.7235109934555246,1.1032100890571637,0.31108092897416045,2.033043717708617,0.9654433733468526
NER,Niger,2018,test,460.9391075536711,490.34076576411184,422.4054501912013,522.0693712607116,0.7299080452399515
GNB,Guinea-Bissau,2015,test,77.15286499830829,79.11078871464319,66.15485004610389,88.83456309110734,0.7436197318344521
COD,Democratic Republic of Congo,2016,test,527.2799020646574,474.0944951078756,432.6382469008458,491.0630695985438,0.7702365072501187
LBY,Libya,2008,test,0.0,0.7899917032396189,0.5136150670415874,1.6937463899125549,0.7046848854294657
SDN,Sudan,2002,test,74.14449163174855,80.45917347355305,68.01205657136636,103.5317112194501,0.6296618020480144
CIV,Cote d'Ivoire,2004,test,616.6227073558164,663.235829480576,631.4063268436412,727.4350264764156,0.649246599815815
NAM,Namibia,2019,test,5.670315153459557,15.2035191743299,4.247810717217236,22.475912006469436,1.0
BWA,Botswana,2020,test,0.7540762623722128,1.6637571327291576,0.9669856945056257,3.3115970430585038,0.7486448297699172
BDI,Burundi,2008,test,483.8532380437677,469.41552316041816,422.2902908477,498.78033551434254,0.9282086671455012
MOZ,Mozambique,2014,test,145.39647201810251,172.11896017318097,165.89191054255156,181.19107536081876,1.0
TCD,Chad,2009,test,183.3755110075261,173.02680477926114,157.79911314452028,198.7601727021957,0.947641456058546
TZA,Tanzania,2017,test,88.23461849765908,91.86677095235956,83.84406183913632,115.47333450568806,1.0
CMR,Cameroon,2015,test,274.9142998373225,291.70371725025694,274.28203328304545,310.1601210663383,1.0
TCD,Chad,2020,test,132.78126239236167,157.6360006331626,135.3841261178939,179.19341604625993,0.7094468765538667
TUN,Tunisia,2003,test,0.0,1.303551595485919,0.3216592809965762,3.2713532583109375,1.0
UGA,Uganda,2006,test,694.2509688917664,648.1003375156942,594.7777226988819,685.5887620261454,0.8411962983544033
KEN,Kenya,2016,test,33.05283400675119,24.87242224830774,18.15026536531801,35.856681819415506,1.0
BEN,Benin,2007,test,491.5162507399702,469.7006990975709,438.3417578183549,505.99045415247616,0.7702365072501187
COD,Democratic Republic of Congo,2002,test,930.7665064692708,832.2474012469178,597.1097295444426,902.8999341945088,0.6822312979235898
GNB,Guinea-Bissau,2010,test,113.52498989966476,115.62314757470547,98.0602373531105,125.88166079606434,0.9282086671455012
COM,Comoros,2008,test,5.985285385789873,13.015432831579709,7.3769214190146855,21.110963549047923,0.8104092660063353
SWZ,Eswatini,2020,test,0.5522964689065805,2.7607359802537643,1.2372812920210274,5.685492712611597,0.722774189891749
BWA,Botswana,2013,test,0.3991369536002758,0.13456040811672784,-0.21240414363670568,1.0264907093823745,0.9282086671455012
LBY,Libya,2016,test,0.0,0.39702833778919994,0.09983322620898515,0.7825076390836232,0.7046848854294657
DZA,Algeria,2010,test,1.139553689346504e-05,-0.29434571088253797,-0.5269284051135652,-0.15706208743648942,1.0
GAB,Gabon,2019,test,108.29222392125185,103.21204694055537,88.90979118563615,121.5050210336088,0.8913767337412392
LSO,Lesotho,2012,test,0.0,0.3902530758985805,0.19800388386057577,0.7304479314424703,1.0
ZMB,Zambia,2001,test,318.4108899749699,369.7374899280543,338.2951575768957,459.28263947524965,0.6298920504172294
TUN,Tunisia,2019,test,0.0,0.5200926734425029,0.05910610466873996,0.915548166879986,0.7702365072501187
LBY,Libya,2002,test,0.0,0.6501201963610711,0.285145277439943,1.691464306096112,0.7639014215781997
SSD,South Sudan,2011,test,229.29629715372735,223.14519488310253,198.4780834549151,242.53800057422353,0.6499851541616922
MWI,Malawi,2001,test,634.3315718489534,505.0121026891378,459.0574068385623,542.3076712239341,0.7095987238469781
NAM,Namibia,2020,test,4.071779130617784,19.766071863515737,4.6049892958259075,30.337643692203944,0.9719674706704208
SOM,Somalia,2012,test,25.867350636956715,40.65689064305444,33.94342359700607,70.15536192102219,0.50713521072839
GHA,Ghana,2017,test,184.65063803740472,159.8144127756779,99.82217623372867,179.78789486100743,1.0
GNQ,Equatorial Guinea,2018,test,313.06656488293294,296.1216000200675,199.38855062303665,368.6620755718167,0.7046848854294657
MOZ,Mozambique,2000,test,594.922856388501,531.0405043952152,460.75434706581,570.0585751822746,0.7349977672818333
TZA,Tanzania,2008,test,124.68003867256066,152.71914281068993,144.56865316095843,165.51089713069172,0.7482364936869627
KEN,Kenya,2018,test,33.455980142807135,27.548756024010167,15.91548843707041,39.895442480765446,0.8569985902769398
NGA,Nigeria,2016,test,343.6920237425491,346.5813937567363,333.53797521739085,353.30957799804,0.8447055458592588
CAF,Central African Republic,2010,test,402.7288752804591,473.2737044444411,446.47083230104647,510.31675924918517,0.9614325322133896
SDN,Sudan,2001,test,92.12939562081158,87.61757311430485,78.79119272573175,110.34471681345296,0.6296618020480144
TGO,Togo,2013,test,247.02148626934203,266.12745295670675,244.32757649267074,292.9983895556727,0.9614325322133896
GAB,Gabon,2009,test,122.72221384041605,109.98229046716833,90.16444103818488,127.73916646032717,0.649246599815815
MOZ,Mozambique,2006,test,313.1920043802383,324.409143718109,309.18749567665077,345.65926430458893,0.8730895268394425
ETH,Ethiopia,2006,test,193.75486111541716,199.20339398362663,156.66256303430677,221.93223960787338,0.6724451678836365
TGO,Togo,2015,test,233.07951005423297,252.59098060719683,235.96800167531765,278.3629131290098,0.8876735952995639
GMB,Gambia,2010,test,133.32719100066095,117.54727871216868,106.8869316731712,126.75221364716238,1.0
BWA,Botswana,2015,test,0.212619379856881,0.5500762464554043,0.06260978787436183,1.808711436017494,0.8876735952995639
KEN,Kenya,2014,test,34.34583265677836,26.788354004341667,19.604323957606663,44.684041675471065,0.9282086671455012
KEN,Kenya,2007,test,60.93085140868439,48.61163444030271,24.628578008279813,66.07078144490379,0.8913767337412392
ETH,Ethiopia,2005,test,232.3004379390076,212.97384408384318,158.11473980687703,241.12923265485267,0.6965143543867369
MOZ,Mozambique,2003,test,466.7327993841852,476.1407277196776,447.1260537810503,514.8473328436837,0.6724854276694711
GNB,Guinea-Bissau,2018,test,55.22618498528674,60.233341190239734,49.81680616977261,70.42213375793058,0.7436197318344521
COG,Congo,2012,test,180.98249906111104,159.79665431887994,146.65118312917375,174.40854707987276,1.0
AGO,Angola,2018,test,147.5640721891236,170.62477180940144,156.5930451487752,183.79826089002015,0.7436197318344521
AGO,Angola,2009,test,214.25529190843625,217.5407657736736,200.28610634223645,234.5233978250189,0.9654433733468526
NGA,Nigeria,2015,test,374.2415015341614,281.73059207676704,260.43324317666526,295.182747113394,0.8447055458592588
CMR,Cameroon,2010,test,390.7014330142276,384.1298682285857,362.26605985554255,412.2785604882139,0.9614325322133896
BEN,Benin,2012,test,368.7669356678253,357.75460363641605,330.39559149340124,389.3152726031306,0.9614325322133896
NGA,Nigeria,2013,test,399.7676685160459,347.1846292655589,322.0354542967117,356.31959825481954,0.8447055458592588
COD,Democratic Republic of Congo,2007,test,812.5134903992584,740.4672860901951,703.4335389682084,766.2816163487954,0.8730895268394425
SSD,South Sudan,2006,test,289.373187404351,281.86452903061416,253.40447520434006,310.5802720151421,0.4229005230976463
LSO,Lesotho,2006,test,0.0,1.4899857789741517,0.8038227050521609,2.2005643777666735,0.8730895268394425
ERI,Eritrea,2005,test,2.7114332431903487,4.165872559718034,2.8699527381277603,6.411623130400932,0.8147645875860794
MAR,Morocco,2010,test,0.0,0.13577834248777904,-0.3796368927218802,0.7820431672751023,1.0
DZA,Algeria,2003,test,4.395741291851049e-05,-0.10261790076350408,-0.29154380740668556,0.2020958924065978,0.7095987238469781
LBR,Liberia,2011,test,463.1432157249299,443.9713688597909,381.86425148165875,489.31569332871675,0.9654433733468526
GIN,Guinea,2007,test,559.4773105688398,512.8959857330154,483.1249778464167,539.2775153660062,0.7954660397940002
ZMB,Zambia,2011,test,85.96198881181787,91.05478117791013,79.31354989986235,100.51603341821914,0.9614325322133896
MLI,Mali,2017,test,362.0802952765218,397.14111810744953,337.35451521406435,436.56175022662734,0.914894164060486
NER,Niger,2002,test,541.9792923299264,450.2610693860395,405.3903442277258,498.6296098922788,0.6724451678836365
EGY,Egypt,2004,test,0.0,0.43184124155401177,0.14611959984203335,1.1861833104496877,0.8273758304835964
GNB,Guinea-Bissau,2003,test,241.11975648797903,222.1895219827141,194.04389535216959,249.0947721734927,0.5351551554505428
BEN,Benin,2016,test,355.52012161749207,373.2458546857713,340.83667007653133,408.57636324402625,1.0
BWA,Botswana,2000,test,2.4951089039509524,2.2486903417428077,1.40804548830429,3.5020189845708227,0.8730895268394425
COG,Congo,2013,test,165.98119603588745,136.7233934475934,115.60108488687202,145.5558031563189,0.7702365072501187
SWZ,Eswatini,2011,test,1.069843846119321,0.4495589550272387,0.018522886826775838,0.9891326204234828,1.0
GNQ,Equatorial Guinea,2019,test,301.67032454974355,230.74324281417307,149.05758370035016,291.7687159091165,0.7046848854294657
BFA,Burkina Faso,2016,test,335.8793404363665,364.34961538455786,344.09228708573875,375.88657383521195,1.0
CAF,Central African Republic,2000,test,434.85933663490425,479.2565389152566,457.2417416507764,507.7619197339018,0.5661221131077949
KEN,Kenya,2002,test,136.04059299239842,166.4635897703609,128.80871168908888,231.55329067584398,0.9232822538841916
GNQ,Equatorial Guinea,2010,test,401.6990553346379,399.3338694319818,355.05736721989757,425.1195890170047,0.6465106605330224
SDN,Sudan,2007,test,49.29307687941055,39.25365359240089,33.21610215004045,43.35645287404442,0.7479629861353997
GNB,Guinea-Bissau,2009,test,113.5790508329498,106.98501174435424,89.04516406004944,121.51413030457198,0.7436197318344521
SWZ,Eswatini,2002,test,3.1386284423858295,4.295277239122971,3.092714610981047,5.612837471308635,0.8730895268394425
GMB,Gambia,2017,test,41.7778130937549,43.06572930874801,36.14891903445407,49.573603881440896,0.8569985902769398
CIV,Cote d'Ivoire,2008,test,566.2070319399007,526.66826986341,497.09100171133684,564.3419973181643,0.7750185193079631
COM,Comoros,2000,test,8.122269877259852,20.49942348737176,13.004576134708902,48.11307101204761,0.6524381106202172
COG,Congo,2000,test,368.6355263934686,394.2269865563418,348.81879244740725,428.5678044583036,0.6524381106202172
MLI,Mali,2015,test,471.44822463178446,547.3285685291157,489.4292821890063,585.0632586860353,0.947641456058546
NER,Niger,2004,test,548.8701835487637,498.5098486531857,459.0642131897437,534.5909380476528,0.6965143543867369
BWA,Botswana,2003,test,0.8370432102095072,1.27848690384922,0.45903289507026945,2.832658707303604,0.8730895268394425
DJI,Djibouti,2002,test,2.9906630572727764,11.60971903833651,3.344792902722701,20.442520165640012,0.5109584106717712
BWA,Botswana,2004,test,0.8005240003410226,1.2478741331509975,0.5383728254625135,2.564607290832809,0.8730895268394425
KEN,Kenya,2010,test,26.81900878359648,30.530771521662295,17.685888786123886,44.28336344774553,0.7436197318344521
DZA,Algeria,2012,test,6.250363745585685e-05,-0.39509018969199483,-0.5714299054124744,-0.27308235298024464,0.9614325322133896
NAM,Namibia,2004,test,37.41114879592365,21.875411175984674,11.06403712251887,28.024140489318675,0.7095987238469781
KEN,Kenya,2009,test,43.992505860253225,28.48293177665988,14.986188182815207,39.67858943056223,0.9232822538841916
GMB,Gambia,2008,test,139.34537549272193,115.55432220095672,102.24942728778693,127.55559310979443,0.9654433733468526
LBR,Liberia,2001,test,844.3556126124354,809.943688034269,719.5338525568939,890.721288247552,0.546558842605038
MDG,Madagascar,2013,test,79.15822165612136,71.31968954079632,64.37104623115893,78.77792508937367,0.9614325322133896
MOZ,Mozambique,2017,test,128.7120734899421,158.21430186645816,150.12276262804892,175.39407586920524,1.0
CAF,Central African Republic,2016,test,266.54141559564897,306.3060962806374,292.4444214507385,321.45208737745946,0.9654433733468526
EGY,Egypt,2018,test,0.0,1.6323090612953113,0.35437782496463566,5.245779566651987,0.947641456058546
ETH,Ethiopia,2010,test,159.05188594669627,136.48563270513276,123.98939610574008,151.8259961330919,0.947641456058546
ZAF,South Africa,2013,test,0.1550262537222574,0.1366448381481059,-0.23027094394679593,0.6730239594786236,0.8876735952995639
ZAF,South Africa,2009,test,0.059710652537722,0.2299672604933529,-0.08626675609839332,0.6163789141967582,0.8913767337412392
EGY,Egypt,2006,test,0.0,0.3279421557171874,0.018702368636313575,0.9717495219744443,0.7954660397940002
SDN,Sudan,2016,test,30.284740006069537,27.878247024411294,24.684370804991314,31.103147505933805,0.914894164060486
COM,Comoros,2010,test,140.76543845664287,59.583566377602644,13.67256007128047,104.2422847534823,0.7702365072501187
NAM,Namibia,2015,test,2.774505024221308,6.095059163773514,1.7097675868743596,8.30620269369388,1.0
MAR,Morocco,2013,test,0.0,-0.1849987603034663,-0.5180246613321957,0.35382327364082,0.9614325322133896
EGY,Egypt,2016,test,0.0,0.8040876120402121,-0.04675006786939295,3.0726302821802194,0.947641456058546
ERI,Eritrea,2004,test,1.5338073123007585,4.76645910167528,2.933873682575136,6.69212994899469,0.8263197393990117
TUN,Tunisia,2010,test,0.0,-0.13330745860117618,-0.4485525809830742,0.46698015115160707,0.8730895268394425
DZA,Algeria,2002,test,5.658525920033238e-05,0.17014895681972264,-0.08930484849326985,0.5932463827195155,0.7095987238469781
DZA,Algeria,2006,test,2.9940653303782733e-05,-0.39573055593949585,-0.6073947601818087,-0.19180455039550062,0.8730895268394425
TZA,Tanzania,2011,test,112.16747785804718,104.30892455876533,91.41345302247449,115.00184039336565,0.9282086671455012
NER,Niger,2017,test,495.4978689326367,487.76782362617354,429.52829030023634,531.843924907839,0.8749405394238315
SEN,Senegal,2013,test,58.11698240972845,67.33033260502059,50.77583006813737,77.67689826593238,1.0
MLI,Mali,2009,test,561.3565647312664,601.7973452000731,574.096408701755,627.9993511960339,0.947641456058546
EGY,Egypt,2017,test,0.0,1.0417320282107987,0.05710677086785767,3.7999896423482666,0.947641456058546
KEN,Kenya,2003,test,136.4600721117257,159.32291657058448,109.06456620129802,206.20170743195422,0.8913767337412392
SLE,Sierra Leone,2000,test,696.803053789497,555.3196570613735,471.4231631348558,619.3568150587807,0.6524381106202172
COM,Comoros,2005,test,6.416524356017509,10.173937566593061,5.7575274095959665,15.420011416058307,0.649246599815815
TZA,Tanzania,2002,test,431.291840290243,420.87112663710474,377.03290932349,454.5111917259064,0.8394166746382353
LBY,Libya,2017,test,0.0,0.22734789794620106,-0.04956500963746748,0.5640150094277417,0.7046848854294657
STP,Sao Tome and Principe,2009,test,47.46125460595882,37.89163821541605,29.96778307671091,54.61545287687949,0.8730895268394425
EGY,Egypt,2013,test,0.0,0.254574518418668,-0.23423385938373895,1.271017470610838,0.8273758304835964
GAB,Gabon,2008,test,113.93146480486551,72.63954449428672,63.46010285275667,84.04846221184752,0.649246599815815
NAM,Namibia,2006,test,25.485550399253174,14.477653004103484,6.177817381810769,18.994409267061695,0.7349977672818333
ZWE,Zimbabwe,2017,test,40.07102909308339,30.597450593474903,25.616941335473133,32.97418723859047,0.9282086671455012
SDN,Sudan,2020,test,28.13409690441358,34.6999838017446,29.300817657370633,40.282213972249544,0.6849307857105532
GHA,Ghana,2000,test,523.615729136482,402.1048482405669,343.2618729405259,427.7375585331815,0.7095987238469781
SOM,Somalia,2019,test,30.129017155062453,35.47007608837413,27.575768321714857,41.95612275437496,0.6899819745084069
ZMB,Zambia,2012,test,91.89988135105752,106.98951140400568,92.15134623451101,117.43656341807157,0.9614325322133896
SEN,Senegal,2015,test,62.08651084677605,56.26392680421575,48.091788548415835,63.38258033536174,0.9614325322133896
SLE,Sierra Leone,2011,test,685.3539676879996,637.0777755584166,589.8370061211947,708.6369794667427,0.9654433733468526
MOZ,Mozambique,2007,test,289.17462644522743,286.1765919506363,267.729265474323,304.1206651075609,0.8730895268394425
CIV,Cote d'Ivoire,2013,test,369.9868334824062,333.325194852977,303.8058905528771,369.413538205919,0.9614325322133896
SEN,Senegal,2019,test,38.0971521247447,42.74745713528767,33.366581073883346,47.01342866770828,1.0
AGO,Angola,2004,test,483.7614790745,403.40275269193387,327.8284423794534,433.57507709299324,0.546558842605038
DJI,Djibouti,2005,test,2.88519594110789,6.943249874655952,1.9812190961806517,11.87554871211522,0.5109584106717712
DJI,Djibouti,2000,test,3.021232456314065,18.80142451873142,5.1002156795585005,46.66482596479365,0.5109584106717712
TGO,Togo,2001,test,291.1260900964664,368.1881625474804,311.8403017103955,459.8895347825086,0.7095987238469781
ERI,Eritrea,2008,test,1.5329262573826503,3.1250575481873835,2.2323976658532554,4.406817581390732,0.9331970691888865
BDI,Burundi,2001,test,1014.2278894169292,829.7032333239304,497.0699699948791,931.8146460594517,0.7066507645689606
MDG,Madagascar,2008,test,118.8046728671446,83.49297439094421,74.26533931670565,93.21514894765956,1.0
BEN,Benin,2013,test,353.4781950625299,324.93962929197573,296.92686551007114,363.0266391593404,1.0
ZMB,Zambia,2008,test,100.86443007835818,111.87098826857903,101.04012617566892,121.5105746050882,0.9282086671455012
COM,Comoros,2003,test,11.024287767593991,15.866649304599761,10.41472906656683,39.80605419537692,0.8730895268394425
BDI,Burundi,2015,test,378.0659969662226,363.73989397120187,341.7251333819953,382.1941011973041,1.0
MLI,Mali,2010,test,531.3721761775814,604.6619816948555,568.0874635808475,639.04943518295,0.947641456058546
NAM,Namibia,2005,test,25.1964730216626,18.514729755894297,9.31724958780657,24.788223728869553,0.7349977672818333
BWA,Botswana,2009,test,1.599479441912896,0.8723565807557817,0.21294910881310303,1.5708173177109706,0.8104092660063353
MDG,Madagascar,2005,test,169.2438870876591,162.3787981021116,135.16377374516037,181.78974438234155,0.8730895268394425
TUN,Tunisia,2005,test,0.0,0.32150071803342206,-0.24515162240895416,1.4817084440040396,1.0
COD,Democratic Republic of Congo,2019,test,476.2134690548715,444.70982578219065,411.6939351716594,460.5734345906163,0.7436197318344521
RWA,Rwanda,2011,test,183.3270376430479,149.46742635912776,135.87981157256874,160.18573300532574,0.9232822538841916
LBR,Liberia,2000,test,888.2500514689307,713.6542810955954,634.0445192129341,807.7490513799563,0.6786103951758196
GAB,Gabon,2010,test,138.27286139353956,149.1646561352645,124.89095727769977,174.14967095029766,0.7436197318344521
DJI,Djibouti,2004,test,1.629969743435307,8.383532424598625,2.5652838812142704,16.471541736640322,0.5109584106717712
GNQ,Equatorial Guinea,2006,test,511.5844418009072,495.6602819583744,435.50429490671957,512.6996167792075,0.5179418174279119
NAM,Namibia,2018,test,12.234183155619316,10.22797101045074,2.177961886682781,13.872333402925047,1.0
SLE,Sierra Leone,2001,test,747.4504986907365,633.3524543656262,552.9685808906886,690.6902560676391,0.6786103951758196
MRT,Mauritania,2003,test,83.61070201820668,77.78974944325273,66.53614001199948,85.53109550311522,0.6430793429808791
ERI,Eritrea,2020,test,5.305245878180469,8.821183202124386,7.36394164192621,11.131405415436554,0.6883891513922559
GIN,Guinea,2010,test,524.0145086045987,557.3937515602968,533.8992185823711,586.0531248765614,0.9110933247287516
ZAF,South Africa,2000,test,0.0230283229256266,1.2654468103371492,0.8036165181126171,2.5695889674903274,0.9654433733468526
BEN,Benin,2018,test,335.0829329318388,362.89858757401083,333.00097247395234,408.78748788721975,0.8876735952995639
GMB,Gambia,2006,test,118.1952582534398,101.4669324324445,85.14696456572752,112.01722605711876,0.9282086671455012
BFA,Burkina Faso,2008,test,736.5703840683258,671.8249496225181,630.8055142466345,699.9796275097821,1.0
MAR,Morocco,2004,test,0.0,0.4578312152699104,-0.08080807062400008,0.9665655857408548,0.8730895268394425
COD,Democratic Republic of Congo,2004,test,882.8710448825286,839.716912155363,730.6047319183336,883.0792306734135,0.546558842605038
NER,Niger,2005,test,635.9401970959821,527.0657251490911,488.0769860789553,562.5541466460102,0.6965143543867369
UGA,Uganda,2002,test,950.5104627063184,813.3563063089191,764.4100960427872,858.4111859942293,0.9110933247287516
ETH,Ethiopia,2012,test,138.51552007236933,113.7111469434968,99.13698428074889,123.5031393708346,0.947641456058546
LBY,Libya,2009,test,0.0,0.5920830616196843,0.30339887820291817,1.2047910083794542,0.7046848854294657
CAF,Central African Republic,2014,test,299.7041803062905,378.6825974551746,354.3783040428172,404.5189332997535,0.7436197318344521
KEN,Kenya,2006,test,73.09842445392917,63.92993427887962,35.327876496879924,83.42301254783266,0.8913767337412392
DJI,Djibouti,2014,test,11.655389904929256,4.289188355308381,2.183463075715466,8.212768020197315,0.7046848854294657
BDI,Burundi,2005,test,707.774821798233,639.7320676263656,458.60270304358664,727.8524484256786,1.0
ZWE,Zimbabwe,2012,test,25.11867292898183,25.73738266626948,21.19614287862347,30.26444636282872,1.0
LBR,Liberia,2018,test,358.5410341188729,419.8686075076088,357.57945039696057,456.2568708343442,0.7436197318344521
TUN,Tunisia,2006,test,0.0,0.06441297385836826,-0.33801601660325137,0.9646606112576308,0.8061080661830029
SOM,Somalia,2008,test,51.59407153432161,64.4644479727098,55.19968301349715,78.0017048566138,0.50713521072839
ZAF,South Africa,2020,test,0.0655099602044083,2.411976043681863,1.3684341936116848,4.81399110343417,0.9719674706704208
MRT,Mauritania,2006,test,10.544212010335771,47.828278035719705,43.29808293899199,52.21201894652515,0.8273758304835964
CIV,Cote d'Ivoire,2009,test,568.3167967041448,498.95458288640634,479.08509541334803,529.1444138582955,0.9614325322133896
GNQ,Equatorial Guinea,2000,test,698.1536342620132,556.4231554629828,460.21281479657097,593.7999605312496,0.6965143543867369
NER,Niger,2001,test,594.1513086267906,432.6802994883385,385.99354649126707,482.7569672424629,0.6724451678836365
SDN,Sudan,2014,test,25.564649720716705,26.165532250677582,21.943362046834157,29.24927368490439,0.947641456058546
SEN,Senegal,2010,test,115.61409021808257,107.89232042103896,76.25111842789329,122.08112504457782,1.0
CMR,Cameroon,2011,test,355.88474890871345,318.9161378183467,303.1472672374603,337.8073094167267,1.0
LBR,Liberia,2016,test,361.5454679578594,439.28023150411815,388.4773511643377,466.56765375494626,0.9282086671455012
GNQ,Equatorial Guinea,2016,test,344.69989665083796,394.2099285505189,311.97362882611975,488.055341297473,0.7046848854294657
SLE,Sierra Leone,2013,test,605.7007442751343,590.3875698886217,521.5556983188476,645.2488750953912,0.9654433733468526
GIN,Guinea,2002,test,584.3461436526204,628.7788917552193,589.5129145846302,655.6222648432617,0.6724451678836365
SOM,Somalia,2020,test,33.29250767461884,40.62392659837976,31.141259448406778,50.03709637276288,0.6706400345711191
MDG,Madagascar,2017,test,79.88069662975205,67.60759730017521,59.33456246391918,79.69529122295414,1.0
AGO,Angola,2008,test,284.533955822004,250.90011709095205,228.80197600924697,269.79441165945,0.9654433733468526
CPV,Cape Verde,2018,test,0.0284938065772998,1.4513814671708358,0.3856844289776858,3.026931822067769,0.947641456058546
COG,Congo,2017,test,145.77173945604414,159.02912033470568,133.745298658441,179.13136193694618,0.7702365072501187
SWZ,Eswatini,2003,test,1.4053928251704155,3.515872958924598,2.607704809829643,4.620537953590215,0.8429184980256788
ERI,Eritrea,2002,test,3.2004014315234293,6.2678574686284625,3.780056511436741,10.283521743037097,0.8263197393990117
EGY,Egypt,2012,test,0.0,0.0773272505203017,-0.31008198091686007,0.809355123063151,0.7639014215781997
SEN,Senegal,2006,test,228.51702414199465,183.17243978951515,121.28492262503032,206.07707209521826,1.0
NAM,Namibia,2008,test,3.801284586908677,3.733254784221211,1.3232610059512497,7.705842596559339,0.7066507645689606
SEN,Senegal,2012,test,80.36176781649186,79.89772620255911,57.50411130027207,90.1619388614231,1.0
KEN,Kenya,2000,test,138.48989409894898,170.20489999306886,138.03448038444694,235.33978386970833,0.6786103951758196
MLI,Mali,2004,test,777.1473483807765,770.6430111348164,726.649882259648,807.0115837144552,0.798784512807737
LBR,Liberia,2003,test,737.521334313475,729.523132535646,640.2969249226608,785.3316034466649,0.546558842605038
BWA,Botswana,2002,test,1.004311681007588,1.5601851189280829,0.6327899448161816,3.1306809279528256,0.8730895268394425
NAM,Namibia,2011,test,0.9268513678287584,1.696811132609245,0.6084169788309919,5.035641718234007,0.9654433733468526
SDN,Sudan,2017,test,29.48701533307895,28.20844309710885,25.455140130300634,31.9379570655312,0.914894164060486
SLE,Sierra Leone,2003,test,765.3668104867261,710.3596199565279,628.701081347999,768.6681622637664,0.546558842605038
CIV,Cote d'Ivoire,2002,test,620.2145557267291,683.66395541035,654.0001274258784,786.7612158251268,0.7482364936869627
RWA,Rwanda,2018,test,142.84124455290265,142.28502729436835,128.22154410585077,154.48547992565443,1.0
DJI,Djibouti,2018,test,18.810984564578938,10.42415768159441,7.586984550877073,13.972672986122506,0.7046848854294657
TGO,Togo,2018,test,171.2019515908586,180.22038858049166,162.74517063360454,197.7677310174978,0.9614325322133896
COM,Comoros,2011,test,127.58776905144136,53.22560107835466,10.682012190215296,81.9737417598433,0.8876735952995639
COG,Congo,2004,test,320.95331960965893,324.7823458421953,300.05668981075615,357.17514825845024,0.7095987238469781
GAB,Gabon,2003,test,168.12530643760874,195.71348023761254,187.8010709062317,211.1034384630282,0.7066507645689606
LBY,Libya,2001,test,0.0,0.3310130988895935,0.04008010857301758,1.1994428582128451,0.7344396781093365
DJI,Djibouti,2011,test,0.0685915116305926,4.099978755782399,1.65565316525894,8.811098687216115,0.6951836228855445
